Year,Month,Model,Fuel_Type,Transmission,Type,Wholesale,Sub-Type
2017,Jan,Reborn,Gasoline,Manual,G,779,N/A
2017,Feb,Reborn,Gasoline,Manual,G,1097,N/A
2017,Mar,Reborn,Gasoline,Manual,G,1498,N/A
2017,Apr,Reborn,Gasoline,Manual,G,1267,N/A
2017,May,Reborn,Gasoline,Manual,G,1168,N/A
2017,Jun,Reborn,Gasoline,Manual,G,564,N/A
2017,Jul,Reborn,Gasoline,Manual,G,905,N/A
2017,Aug,Reborn,Gasoline,Manual,G,1295,N/A
2017,Sept,Reborn,Gasoline,Manual,G,1070,N/A
2017,Oct,Reborn,Gasoline,Manual,G,1497,N/A
2017,Nov,Reborn,Gasoline,Manual,G,1291,N/A
2017,Dec,Reborn,Gasoline,Manual,G,968,N/A
2017,Jan,Reborn,Gasoline,Automatic,G,550,N/A
2017,Feb,Reborn,Gasoline,Automatic,G,591,N/A
2017,Mar,Reborn,Gasoline,Automatic,G,765,N/A
2017,Apr,Reborn,Gasoline,Automatic,G,606,N/A
2017,May,Reborn,Gasoline,Automatic,G,767,N/A
2017,Jun,Reborn,Gasoline,Automatic,G,405,N/A
2017,Jul,Reborn,Gasoline,Automatic,G,1004,N/A
2017,Aug,Reborn,Gasoline,Automatic,G,623,N/A
2017,Sept,Reborn,Gasoline,Automatic,G,687,N/A
2017,Oct,Reborn,Gasoline,Automatic,G,859,N/A
2017,Nov,Reborn,Gasoline,Automatic,G,901,N/A
2017,Dec,Reborn,Gasoline,Automatic,G,661,N/A
2017,Jan,Reborn,Diesel,Automatic,G,416,N/A
2017,Feb,Reborn,Diesel,Automatic,G,474,N/A
2017,Mar,Reborn,Diesel,Automatic,G,615,N/A
2017,Apr,Reborn,Diesel,Automatic,G,491,N/A
2017,May,Reborn,Diesel,Automatic,G,769,N/A
2017,Jun,Reborn,Diesel,Automatic,G,294,N/A
2017,Jul,Reborn,Diesel,Automatic,G,708,N/A
2017,Aug,Reborn,Diesel,Automatic,G,1004,N/A
2017,Sept,Reborn,Diesel,Automatic,G,707,N/A
2017,Oct,Reborn,Diesel,Automatic,G,685,N/A
2017,Nov,Reborn,Diesel,Automatic,G,789,N/A
2017,Dec,Reborn,Diesel,Automatic,G,894,N/A
2017,Jan,Reborn,Diesel,Manual,G,378,N/A
2017,Feb,Reborn,Diesel,Manual,G,504,N/A
2017,Mar,Reborn,Diesel,Manual,G,671,N/A
2017,Apr,Reborn,Diesel,Manual,G,521,N/A
2017,May,Reborn,Diesel,Manual,G,610,N/A
2017,Jun,Reborn,Diesel,Manual,G,500,N/A
2017,Jul,Reborn,Diesel,Manual,G,668,N/A
2017,Aug,Reborn,Diesel,Manual,G,854,N/A
2017,Sept,Reborn,Diesel,Manual,G,639,N/A
2017,Oct,Reborn,Diesel,Manual,G,726,N/A
2017,Nov,Reborn,Diesel,Manual,G,669,N/A
2017,Dec,Reborn,Diesel,Manual,G,773,N/A
2017,Jan,Reborn,Gasoline,Manual,Q,42,N/A
2017,Feb,Reborn,Gasoline,Manual,Q,31,N/A
2017,Mar,Reborn,Gasoline,Manual,Q,62,N/A
2017,Apr,Reborn,Gasoline,Manual,Q,64,N/A
2017,May,Reborn,Gasoline,Manual,Q,74,N/A
2017,Jun,Reborn,Gasoline,Manual,Q,34,N/A
2017,Jul,Reborn,Gasoline,Manual,Q,51,N/A
2017,Aug,Reborn,Gasoline,Manual,Q,31,N/A
2017,Sept,Reborn,Gasoline,Manual,Q,30,N/A
2017,Oct,Reborn,Gasoline,Manual,Q,30,N/A
2017,Nov,Reborn,Gasoline,Manual,Q,19,N/A
2017,Dec,Reborn,Gasoline,Manual,Q,9,N/A
2017,Jan,Reborn,Gasoline,Automatic,Q,74,N/A
2017,Feb,Reborn,Gasoline,Automatic,Q,98,N/A
2017,Mar,Reborn,Gasoline,Automatic,Q,75,N/A
2017,Apr,Reborn,Gasoline,Automatic,Q,57,N/A
2017,May,Reborn,Gasoline,Automatic,Q,116,N/A
2017,Jun,Reborn,Gasoline,Automatic,Q,116,N/A
2017,Jul,Reborn,Gasoline,Automatic,Q,135,N/A
2017,Aug,Reborn,Gasoline,Automatic,Q,49,N/A
2017,Sept,Reborn,Gasoline,Automatic,Q,52,N/A
2017,Oct,Reborn,Gasoline,Automatic,Q,55,N/A
2017,Nov,Reborn,Gasoline,Automatic,Q,43,N/A
2017,Dec,Reborn,Gasoline,Automatic,Q,20,N/A
2017,Jan,Reborn,Diesel,Automatic,Q,0,N/A
2017,Feb,Reborn,Diesel,Automatic,Q,0,N/A
2017,Mar,Reborn,Diesel,Automatic,Q,0,N/A
2017,Apr,Reborn,Diesel,Automatic,Q,1,N/A
2017,May,Reborn,Diesel,Automatic,Q,0,N/A
2017,Jun,Reborn,Diesel,Automatic,Q,0,N/A
2017,Jul,Reborn,Diesel,Automatic,Q,0,N/A
2017,Aug,Reborn,Diesel,Automatic,Q,0,N/A
2017,Sept,Reborn,Diesel,Automatic,Q,0,N/A
2017,Oct,Reborn,Diesel,Automatic,Q,0,N/A
2017,Nov,Reborn,Diesel,Automatic,Q,0,N/A
2017,Dec,Reborn,Diesel,Automatic,Q,0,N/A
2017,Jan,Reborn,Diesel,Manual,Q,0,N/A
2017,Feb,Reborn,Diesel,Manual,Q,0,N/A
2017,Mar,Reborn,Diesel,Manual,Q,0,N/A
2017,Apr,Reborn,Diesel,Manual,Q,0,N/A
2017,May,Reborn,Diesel,Manual,Q,0,N/A
2017,Jun,Reborn,Diesel,Manual,Q,0,N/A
2017,Jul,Reborn,Diesel,Manual,Q,0,N/A
2017,Aug,Reborn,Diesel,Manual,Q,1,N/A
2017,Sept,Reborn,Diesel,Manual,Q,0,N/A
2017,Oct,Reborn,Diesel,Manual,Q,0,N/A
2017,Nov,Reborn,Diesel,Manual,Q,0,N/A
2017,Dec,Reborn,Diesel,Manual,Q,0,N/A
2017,Jan,Reborn,Gasoline,Manual,V,196,N/A
2017,Feb,Reborn,Gasoline,Manual,V,210,N/A
2017,Mar,Reborn,Gasoline,Manual,V,296,N/A
2017,Apr,Reborn,Gasoline,Manual,V,277,N/A
2017,May,Reborn,Gasoline,Manual,V,377,N/A
2017,Jun,Reborn,Gasoline,Manual,V,198,N/A
2017,Jul,Reborn,Gasoline,Manual,V,408,N/A
2017,Aug,Reborn,Gasoline,Manual,V,271,N/A
2017,Sept,Reborn,Gasoline,Manual,V,344,N/A
2017,Oct,Reborn,Gasoline,Manual,V,337,N/A
2017,Nov,Reborn,Gasoline,Manual,V,323,N/A
2017,Dec,Reborn,Gasoline,Manual,V,183,N/A
2017,Jan,Reborn,Gasoline,Automatic,V,247,N/A
2017,Feb,Reborn,Gasoline,Automatic,V,356,N/A
2017,Mar,Reborn,Gasoline,Automatic,V,318,N/A
2017,Apr,Reborn,Gasoline,Automatic,V,384,N/A
2017,May,Reborn,Gasoline,Automatic,V,419,N/A
2017,Jun,Reborn,Gasoline,Automatic,V,416,N/A
2017,Jul,Reborn,Gasoline,Automatic,V,609,N/A
2017,Aug,Reborn,Gasoline,Automatic,V,300,N/A
2017,Sept,Reborn,Gasoline,Automatic,V,376,N/A
2017,Oct,Reborn,Gasoline,Automatic,V,506,N/A
2017,Nov,Reborn,Gasoline,Automatic,V,444,N/A
2017,Dec,Reborn,Gasoline,Automatic,V,405,N/A
2017,Jan,Reborn,Diesel,Automatic,V,333,N/A
2017,Feb,Reborn,Diesel,Automatic,V,355,N/A
2017,Mar,Reborn,Diesel,Automatic,V,485,N/A
2017,Apr,Reborn,Diesel,Automatic,V,435,N/A
2017,May,Reborn,Diesel,Automatic,V,559,N/A
2017,Jun,Reborn,Diesel,Automatic,V,303,N/A
2017,Jul,Reborn,Diesel,Automatic,V,661,N/A
2017,Aug,Reborn,Diesel,Automatic,V,879,N/A
2017,Sept,Reborn,Diesel,Automatic,V,456,N/A
2017,Oct,Reborn,Diesel,Automatic,V,618,N/A
2017,Nov,Reborn,Diesel,Automatic,V,749,N/A
2017,Dec,Reborn,Diesel,Automatic,V,760,N/A
2017,Jan,Reborn,Diesel,Manual,V,67,N/A
2017,Feb,Reborn,Diesel,Manual,V,123,N/A
2017,Mar,Reborn,Diesel,Manual,V,141,N/A
2017,Apr,Reborn,Diesel,Manual,V,169,N/A
2017,May,Reborn,Diesel,Manual,V,205,N/A
2017,Jun,Reborn,Diesel,Manual,V,178,N/A
2017,Jul,Reborn,Diesel,Manual,V,255,N/A
2017,Aug,Reborn,Diesel,Manual,V,153,N/A
2017,Sept,Reborn,Diesel,Manual,V,120,N/A
2017,Oct,Reborn,Diesel,Manual,V,170,N/A
2017,Nov,Reborn,Diesel,Manual,V,240,N/A
2017,Dec,Reborn,Diesel,Manual,V,166,N/A
2017,Jan,Reborn,Gasoline,Manual,Venturer,73,N/A
2017,Feb,Reborn,Gasoline,Manual,Venturer,109,N/A
2017,Mar,Reborn,Gasoline,Manual,Venturer,58,N/A
2017,Apr,Reborn,Gasoline,Manual,Venturer,63,N/A
2017,May,Reborn,Gasoline,Manual,Venturer,108,N/A
2017,Jun,Reborn,Gasoline,Manual,Venturer,34,N/A
2017,Jul,Reborn,Gasoline,Manual,Venturer,40,N/A
2017,Aug,Reborn,Gasoline,Manual,Venturer,100,N/A
2017,Sept,Reborn,Gasoline,Manual,Venturer,70,N/A
2017,Oct,Reborn,Gasoline,Manual,Venturer,70,N/A
2017,Nov,Reborn,Gasoline,Manual,Venturer,87,N/A
2017,Dec,Reborn,Gasoline,Manual,Venturer,38,N/A
2017,Jan,Reborn,Gasoline,Automatic,Venturer,113,N/A
2017,Feb,Reborn,Gasoline,Automatic,Venturer,164,N/A
2017,Mar,Reborn,Gasoline,Automatic,Venturer,157,N/A
2017,Apr,Reborn,Gasoline,Automatic,Venturer,228,N/A
2017,May,Reborn,Gasoline,Automatic,Venturer,180,N/A
2017,Jun,Reborn,Gasoline,Automatic,Venturer,187,N/A
2017,Jul,Reborn,Gasoline,Automatic,Venturer,197,N/A
2017,Aug,Reborn,Gasoline,Automatic,Venturer,212,N/A
2017,Sept,Reborn,Gasoline,Automatic,Venturer,164,N/A
2017,Oct,Reborn,Gasoline,Automatic,Venturer,239,N/A
2017,Nov,Reborn,Gasoline,Automatic,Venturer,202,N/A
2017,Dec,Reborn,Gasoline,Automatic,Venturer,205,N/A
2017,Jan,Reborn,Diesel,Automatic,Venturer,160,N/A
2017,Feb,Reborn,Diesel,Automatic,Venturer,167,N/A
2017,Mar,Reborn,Diesel,Automatic,Venturer,240,N/A
2017,Apr,Reborn,Diesel,Automatic,Venturer,297,N/A
2017,May,Reborn,Diesel,Automatic,Venturer,224,N/A
2017,Jun,Reborn,Diesel,Automatic,Venturer,188,N/A
2017,Jul,Reborn,Diesel,Automatic,Venturer,254,N/A
2017,Aug,Reborn,Diesel,Automatic,Venturer,332,N/A
2017,Sept,Reborn,Diesel,Automatic,Venturer,232,N/A
2017,Oct,Reborn,Diesel,Automatic,Venturer,192,N/A
2017,Nov,Reborn,Diesel,Automatic,Venturer,293,N/A
2017,Dec,Reborn,Diesel,Automatic,Venturer,281,N/A
2017,Jan,Reborn,Diesel,Manual,Venturer,66,N/A
2017,Feb,Reborn,Diesel,Manual,Venturer,54,N/A
2017,Mar,Reborn,Diesel,Manual,Venturer,48,N/A
2017,Apr,Reborn,Diesel,Manual,Venturer,38,N/A
2017,May,Reborn,Diesel,Manual,Venturer,75,N/A
2017,Jun,Reborn,Diesel,Manual,Venturer,35,N/A
2017,Jul,Reborn,Diesel,Manual,Venturer,39,N/A
2017,Aug,Reborn,Diesel,Manual,Venturer,32,N/A
2017,Sept,Reborn,Diesel,Manual,Venturer,30,N/A
2017,Oct,Reborn,Diesel,Manual,Venturer,30,N/A
2017,Nov,Reborn,Diesel,Manual,Venturer,29,N/A
2017,Dec,Reborn,Diesel,Manual,Venturer,15,N/A
2017,Jan,Reborn,Gasoline,Manual,G,813,N/A
2018,Feb,Reborn,Gasoline,Manual,G,1081,N/A
2018,Mar,Reborn,Gasoline,Manual,G,1079,N/A
2018,Apr,Reborn,Gasoline,Manual,G,1104,N/A
2018,May,Reborn,Gasoline,Manual,G,1554,N/A
2018,Jun,Reborn,Gasoline,Manual,G,233,N/A
2018,Jul,Reborn,Gasoline,Manual,G,2145,N/A
2018,Aug,Reborn,Gasoline,Manual,G,842,N/A
2018,Sept,Reborn,Gasoline,Manual,G,444,N/A
2018,Oct,Reborn,Gasoline,Manual,G,903,N/A
2018,Nov,Reborn,Gasoline,Manual,G,769,N/A
2018,Dec,Reborn,Gasoline,Manual,G,993,N/A
2018,Jan,Reborn,Gasoline,Automatic,G,798,N/A
2018,Feb,Reborn,Gasoline,Automatic,G,696,N/A
2018,Mar,Reborn,Gasoline,Automatic,G,522,N/A
2018,Apr,Reborn,Gasoline,Automatic,G,426,N/A
2018,May,Reborn,Gasoline,Automatic,G,878,N/A
2018,Jun,Reborn,Gasoline,Automatic,G,28,N/A
2018,Jul,Reborn,Gasoline,Automatic,G,672,N/A
2018,Aug,Reborn,Gasoline,Automatic,G,581,N/A
2018,Sept,Reborn,Gasoline,Automatic,G,777,N/A
2018,Oct,Reborn,Gasoline,Automatic,G,1002,N/A
2018,Nov,Reborn,Gasoline,Automatic,G,559,N/A
2018,Dec,Reborn,Gasoline,Automatic,G,451,N/A
2018,Jan,Reborn,Diesel,Automatic,G,709,N/A
2018,Feb,Reborn,Diesel,Automatic,G,906,N/A
2018,Mar,Reborn,Diesel,Automatic,G,1175,N/A
2018,Apr,Reborn,Diesel,Automatic,G,1114,N/A
2018,May,Reborn,Diesel,Automatic,G,876,N/A
2018,Jun,Reborn,Diesel,Automatic,G,224,N/A
2018,Jul,Reborn,Diesel,Automatic,G,563,N/A
2018,Aug,Reborn,Diesel,Automatic,G,559,N/A
2018,Sept,Reborn,Diesel,Automatic,G,1170,N/A
2018,Oct,Reborn,Diesel,Automatic,G,1368,N/A
2018,Nov,Reborn,Diesel,Automatic,G,925,N/A
2018,Dec,Reborn,Diesel,Automatic,G,818,N/A
2018,Jan,Reborn,Diesel,Manual,G,665,N/A
2018,Feb,Reborn,Diesel,Manual,G,763,N/A
2018,Mar,Reborn,Diesel,Manual,G,947,N/A
2018,Apr,Reborn,Diesel,Manual,G,876,N/A
2018,May,Reborn,Diesel,Manual,G,469,N/A
2018,Jun,Reborn,Diesel,Manual,G,297,N/A
2018,Jul,Reborn,Diesel,Manual,G,444,N/A
2018,Aug,Reborn,Diesel,Manual,G,477,N/A
2018,Sept,Reborn,Diesel,Manual,G,1093,N/A
2018,Oct,Reborn,Diesel,Manual,G,1053,N/A
2018,Nov,Reborn,Diesel,Manual,G,1351,N/A
2018,Dec,Reborn,Diesel,Manual,G,752,N/A
2018,Jan,Reborn,Gasoline,Manual,Q,10,N/A
2018,Feb,Reborn,Gasoline,Manual,Q,9,N/A
2018,Mar,Reborn,Gasoline,Manual,Q,3,N/A
2018,Apr,Reborn,Gasoline,Manual,Q,1,N/A
2018,May,Reborn,Gasoline,Manual,Q,2,N/A
2018,Jun,Reborn,Gasoline,Manual,Q,6,N/A
2018,Jul,Reborn,Gasoline,Manual,Q,7,N/A
2018,Aug,Reborn,Gasoline,Manual,Q,67,N/A
2018,Sept,Reborn,Gasoline,Manual,Q,15,N/A
2018,Oct,Reborn,Gasoline,Manual,Q,31,N/A
2018,Nov,Reborn,Gasoline,Manual,Q,34,N/A
2018,Dec,Reborn,Gasoline,Manual,Q,5,N/A
2018,Jan,Reborn,Gasoline,Automatic,Q,1,N/A
2018,Feb,Reborn,Gasoline,Automatic,Q,27,N/A
2018,Mar,Reborn,Gasoline,Automatic,Q,33,N/A
2018,Apr,Reborn,Gasoline,Automatic,Q,27,N/A
2018,May,Reborn,Gasoline,Automatic,Q,26,N/A
2018,Jun,Reborn,Gasoline,Automatic,Q,46,N/A
2018,Jul,Reborn,Gasoline,Automatic,Q,27,N/A
2018,Aug,Reborn,Gasoline,Automatic,Q,76,N/A
2018,Sept,Reborn,Gasoline,Automatic,Q,27,N/A
2018,Oct,Reborn,Gasoline,Automatic,Q,58,N/A
2018,Nov,Reborn,Gasoline,Automatic,Q,28,N/A
2018,Dec,Reborn,Gasoline,Automatic,Q,11,N/A
2018,Jan,Reborn,Gasoline,Manual,V,78,N/A
2018,Feb,Reborn,Gasoline,Manual,V,95,N/A
2018,Mar,Reborn,Gasoline,Manual,V,78,N/A
2018,Apr,Reborn,Gasoline,Manual,V,131,N/A
2018,May,Reborn,Gasoline,Manual,V,133,N/A
2018,Jun,Reborn,Gasoline,Manual,V,163,N/A
2018,Jul,Reborn,Gasoline,Manual,V,201,N/A
2018,Aug,Reborn,Gasoline,Manual,V,317,N/A
2018,Sept,Reborn,Gasoline,Manual,V,156,N/A
2018,Oct,Reborn,Gasoline,Manual,V,329,N/A
2018,Nov,Reborn,Gasoline,Manual,V,293,N/A
2018,Dec,Reborn,Gasoline,Manual,V,173,N/A
2018,Jan,Reborn,Gasoline,Automatic,V,354,N/A
2018,Feb,Reborn,Gasoline,Automatic,V,233,N/A
2018,Mar,Reborn,Gasoline,Automatic,V,236,N/A
2018,Apr,Reborn,Gasoline,Automatic,V,138,N/A
2018,May,Reborn,Gasoline,Automatic,V,177,N/A
2018,Jun,Reborn,Gasoline,Automatic,V,24,N/A
2018,Jul,Reborn,Gasoline,Automatic,V,211,N/A
2018,Aug,Reborn,Gasoline,Automatic,V,521,N/A
2018,Sept,Reborn,Gasoline,Automatic,V,211,N/A
2018,Oct,Reborn,Gasoline,Automatic,V,537,N/A
2018,Nov,Reborn,Gasoline,Automatic,V,445,N/A
2018,Dec,Reborn,Gasoline,Automatic,V,390,N/A
2018,Jan,Reborn,Diesel,Automatic,V,447,N/A
2018,Feb,Reborn,Diesel,Automatic,V,501,N/A
2018,Mar,Reborn,Diesel,Automatic,V,537,N/A
2018,Apr,Reborn,Diesel,Automatic,V,474,N/A
2018,May,Reborn,Diesel,Automatic,V,382,N/A
2018,Jun,Reborn,Diesel,Automatic,V,264,N/A
2018,Jul,Reborn,Diesel,Automatic,V,391,N/A
2018,Aug,Reborn,Diesel,Automatic,V,869,N/A
2018,Sept,Reborn,Diesel,Automatic,V,558,N/A
2018,Oct,Reborn,Diesel,Automatic,V,846,N/A
2018,Nov,Reborn,Diesel,Automatic,V,793,N/A
2018,Dec,Reborn,Diesel,Automatic,V,764,N/A
2018,Jan,Reborn,Diesel,Manual,V,65,N/A
2018,Feb,Reborn,Diesel,Manual,V,99,N/A
2018,Mar,Reborn,Diesel,Manual,V,105,N/A
2018,Apr,Reborn,Diesel,Manual,V,101,N/A
2018,May,Reborn,Diesel,Manual,V,97,N/A
2018,Jun,Reborn,Diesel,Manual,V,106,N/A
2018,Jul,Reborn,Diesel,Manual,V,141,N/A
2018,Aug,Reborn,Diesel,Manual,V,138,N/A
2018,Sept,Reborn,Diesel,Manual,V,195,N/A
2018,Oct,Reborn,Diesel,Manual,V,259,N/A
2018,Nov,Reborn,Diesel,Manual,V,268,N/A
2018,Dec,Reborn,Diesel,Manual,V,133,N/A
2018,Jan,Reborn,Gasoline,Manual,Venturer,49,N/A
2018,Feb,Reborn,Gasoline,Manual,Venturer,54,N/A
2018,Mar,Reborn,Gasoline,Manual,Venturer,33,N/A
2018,Apr,Reborn,Gasoline,Manual,Venturer,52,N/A
2018,May,Reborn,Gasoline,Manual,Venturer,46,N/A
2018,Jun,Reborn,Gasoline,Manual,Venturer,32,N/A
2018,Jul,Reborn,Gasoline,Manual,Venturer,38,N/A
2018,Aug,Reborn,Gasoline,Manual,Venturer,73,N/A
2018,Sept,Reborn,Gasoline,Manual,Venturer,37,N/A
2018,Oct,Reborn,Gasoline,Manual,Venturer,53,N/A
2018,Nov,Reborn,Gasoline,Manual,Venturer,93,N/A
2018,Dec,Reborn,Gasoline,Manual,Venturer,47,N/A
2018,Jan,Reborn,Gasoline,Automatic,Venturer,192,N/A
2018,Feb,Reborn,Gasoline,Automatic,Venturer,174,N/A
2018,Mar,Reborn,Gasoline,Automatic,Venturer,103,N/A
2018,Apr,Reborn,Gasoline,Automatic,Venturer,133,N/A
2018,May,Reborn,Gasoline,Automatic,Venturer,149,N/A
2018,Jun,Reborn,Gasoline,Automatic,Venturer,25,N/A
2018,Jul,Reborn,Gasoline,Automatic,Venturer,137,N/A
2018,Aug,Reborn,Gasoline,Automatic,Venturer,243,N/A
2018,Sept,Reborn,Gasoline,Automatic,Venturer,210,N/A
2018,Oct,Reborn,Gasoline,Automatic,Venturer,276,N/A
2018,Nov,Reborn,Gasoline,Automatic,Venturer,157,N/A
2018,Dec,Reborn,Gasoline,Automatic,Venturer,169,N/A
2018,Jan,Reborn,Diesel,Automatic,Venturer,352,N/A
2018,Feb,Reborn,Diesel,Automatic,Venturer,286,N/A
2018,Mar,Reborn,Diesel,Automatic,Venturer,295,N/A
2018,Apr,Reborn,Diesel,Automatic,Venturer,66,N/A
2018,May,Reborn,Diesel,Automatic,Venturer,212,N/A
2018,Jun,Reborn,Diesel,Automatic,Venturer,148,N/A
2018,Jul,Reborn,Diesel,Automatic,Venturer,196,N/A
2018,Aug,Reborn,Diesel,Automatic,Venturer,344,N/A
2018,Sept,Reborn,Diesel,Automatic,Venturer,255,N/A
2018,Oct,Reborn,Diesel,Automatic,Venturer,322,N/A
2018,Nov,Reborn,Diesel,Automatic,Venturer,316,N/A
2018,Dec,Reborn,Diesel,Automatic,Venturer,285,N/A
2018,Jan,Reborn,Diesel,Manual,Venturer,20,N/A
2018,Feb,Reborn,Diesel,Manual,Venturer,30,N/A
2018,Mar,Reborn,Diesel,Manual,Venturer,22,N/A
2018,Apr,Reborn,Diesel,Manual,Venturer,5,N/A
2018,May,Reborn,Diesel,Manual,Venturer,10,N/A
2018,Jun,Reborn,Diesel,Manual,Venturer,18,N/A
2018,Jul,Reborn,Diesel,Manual,Venturer,31,N/A
2018,Aug,Reborn,Diesel,Manual,Venturer,66,N/A
2018,Sept,Reborn,Diesel,Manual,Venturer,29,N/A
2018,Oct,Reborn,Diesel,Manual,Venturer,48,N/A
2018,Nov,Reborn,Diesel,Manual,Venturer,51,N/A
2018,Dec,Reborn,Diesel,Manual,Venturer,30,N/A
2019,Jan,Reborn,Gasoline,Manual,G,660,N/A
2019,Feb,Reborn,Gasoline,Manual,G,1032,N/A
2019,Mar,Reborn,Gasoline,Manual,G,814,N/A
2019,Apr,Reborn,Gasoline,Manual,G,966,N/A
2019,May,Reborn,Gasoline,Manual,G,729,N/A
2019,Jun,Reborn,Gasoline,Manual,G,472,N/A
2019,Jul,Reborn,Gasoline,Manual,G,527,N/A
2019,Aug,Reborn,Gasoline,Manual,G,272,N/A
2019,Sept,Reborn,Gasoline,Manual,G,458,N/A
2019,Oct,Reborn,Gasoline,Manual,G,245,N/A
2019,Nov,Reborn,Gasoline,Manual,G,795,N/A
2019,Dec,Reborn,Gasoline,Manual,G,650,N/A
2019,Jan,Reborn,Gasoline,Automatic,G,586,N/A
2019,Feb,Reborn,Gasoline,Automatic,G,660,N/A
2019,Mar,Reborn,Gasoline,Automatic,G,583,N/A
2019,Apr,Reborn,Gasoline,Automatic,G,515,N/A
2019,May,Reborn,Gasoline,Automatic,G,529,N/A
2019,Jun,Reborn,Gasoline,Automatic,G,692,N/A
2019,Jul,Reborn,Gasoline,Automatic,G,495,N/A
2019,Aug,Reborn,Gasoline,Automatic,G,441,N/A
2019,Sept,Reborn,Gasoline,Automatic,G,557,N/A
2019,Oct,Reborn,Gasoline,Automatic,G,786,N/A
2019,Nov,Reborn,Gasoline,Automatic,G,286,N/A
2019,Dec,Reborn,Gasoline,Automatic,G,617,N/A
2019,Jan,Reborn,Diesel,Automatic,G,1117,N/A
2019,Feb,Reborn,Diesel,Automatic,G,420,N/A
2019,Mar,Reborn,Diesel,Automatic,G,1083,N/A
2019,Apr,Reborn,Diesel,Automatic,G,835,N/A
2019,May,Reborn,Diesel,Automatic,G,645,N/A
2019,Jun,Reborn,Diesel,Automatic,G,565,N/A
2019,Jul,Reborn,Diesel,Automatic,G,597,N/A
2019,Aug,Reborn,Diesel,Automatic,G,1094,N/A
2019,Sept,Reborn,Diesel,Automatic,G,1208,N/A
2019,Oct,Reborn,Diesel,Automatic,G,667,N/A
2019,Nov,Reborn,Diesel,Automatic,G,1049,N/A
2019,Dec,Reborn,Diesel,Automatic,G,1027,N/A
2019,Jan,Reborn,Diesel,Manual,G,1162,N/A
2019,Feb,Reborn,Diesel,Manual,G,608,N/A
2019,Mar,Reborn,Diesel,Manual,G,767,N/A
2019,Apr,Reborn,Diesel,Manual,G,743,N/A
2019,May,Reborn,Diesel,Manual,G,528,N/A
2019,Jun,Reborn,Diesel,Manual,G,502,N/A
2019,Jul,Reborn,Diesel,Manual,G,346,N/A
2019,Aug,Reborn,Diesel,Manual,G,825,N/A
2019,Sept,Reborn,Diesel,Manual,G,410,N/A
2019,Oct,Reborn,Diesel,Manual,G,520,N/A
2019,Nov,Reborn,Diesel,Manual,G,600,N/A
2019,Dec,Reborn,Diesel,Manual,G,824,N/A
2019,Jan,Reborn,Gasoline,Manual,Q,4,N/A
2019,Feb,Reborn,Gasoline,Manual,Q,6,N/A
2019,Mar,Reborn,Gasoline,Manual,Q,2,N/A
2019,Apr,Reborn,Gasoline,Manual,Q,5,N/A
2019,May,Reborn,Gasoline,Manual,Q,2,N/A
2019,Jun,Reborn,Gasoline,Manual,Q,4,N/A
2019,Jul,Reborn,Gasoline,Manual,Q,4,N/A
2019,Aug,Reborn,Gasoline,Manual,Q,0,N/A
2019,Sept,Reborn,Gasoline,Manual,Q,1,N/A
2019,Oct,Reborn,Gasoline,Manual,Q,0,N/A
2019,Nov,Reborn,Gasoline,Manual,Q,1,N/A
2019,Dec,Reborn,Gasoline,Manual,Q,1,N/A
2019,Jan,Reborn,Gasoline,Automatic,Q,15,N/A
2019,Feb,Reborn,Gasoline,Automatic,Q,11,N/A
2019,Mar,Reborn,Gasoline,Automatic,Q,10,N/A
2019,Apr,Reborn,Gasoline,Automatic,Q,10,N/A
2019,May,Reborn,Gasoline,Automatic,Q,10,N/A
2019,Jun,Reborn,Gasoline,Automatic,Q,22,N/A
2019,Jul,Reborn,Gasoline,Automatic,Q,43,N/A
2019,Aug,Reborn,Gasoline,Automatic,Q,0,N/A
2019,Sept,Reborn,Gasoline,Automatic,Q,0,N/A
2019,Oct,Reborn,Gasoline,Automatic,Q,1,N/A
2019,Nov,Reborn,Gasoline,Automatic,Q,2,N/A
2019,Dec,Reborn,Gasoline,Automatic,Q,9,N/A
2019,Jan,Reborn,Gasoline,Manual,V,139,N/A
2019,Feb,Reborn,Gasoline,Manual,V,248,N/A
2019,Mar,Reborn,Gasoline,Manual,V,111,N/A
2019,Apr,Reborn,Gasoline,Manual,V,158,N/A
2019,May,Reborn,Gasoline,Manual,V,128,N/A
2019,Jun,Reborn,Gasoline,Manual,V,98,N/A
2019,Jul,Reborn,Gasoline,Manual,V,115,N/A
2019,Aug,Reborn,Gasoline,Manual,V,90,N/A
2019,Sept,Reborn,Gasoline,Manual,V,157,N/A
2019,Oct,Reborn,Gasoline,Manual,V,175,N/A
2019,Nov,Reborn,Gasoline,Manual,V,126,N/A
2019,Dec,Reborn,Gasoline,Manual,V,41,N/A
2019,Jan,Reborn,Gasoline,Automatic,V,310,N/A
2019,Feb,Reborn,Gasoline,Automatic,V,412,N/A
2019,Mar,Reborn,Gasoline,Automatic,V,280,N/A
2019,Apr,Reborn,Gasoline,Automatic,V,224,N/A
2019,May,Reborn,Gasoline,Automatic,V,300,N/A
2019,Jun,Reborn,Gasoline,Automatic,V,165,N/A
2019,Jul,Reborn,Gasoline,Automatic,V,172,N/A
2019,Aug,Reborn,Gasoline,Automatic,V,199,N/A
2019,Sept,Reborn,Gasoline,Automatic,V,370,N/A
2019,Oct,Reborn,Gasoline,Automatic,V,193,N/A
2019,Nov,Reborn,Gasoline,Automatic,V,233,N/A
2019,Dec,Reborn,Gasoline,Automatic,V,306,N/A
2019,Jan,Reborn,Gasoline,Automatic,V,720,N/A
2019,Feb,Reborn,Diesel,Automatic,V,235,N/A
2019,Mar,Reborn,Diesel,Automatic,V,815,N/A
2019,Apr,Reborn,Diesel,Automatic,V,625,N/A
2019,May,Reborn,Diesel,Automatic,V,519,N/A
2019,Jun,Reborn,Diesel,Automatic,V,621,N/A
2019,Jul,Reborn,Diesel,Automatic,V,512,N/A
2019,Aug,Reborn,Diesel,Automatic,V,575,N/A
2019,Sept,Reborn,Diesel,Automatic,V,728,N/A
2019,Oct,Reborn,Diesel,Automatic,V,1254,N/A
2019,Nov,Reborn,Diesel,Automatic,V,827,N/A
2019,Dec,Reborn,Diesel,Automatic,V,833,N/A
2019,Jan,Reborn,Diesel,Manual,V,134,N/A
2019,Feb,Reborn,Diesel,Manual,V,98,N/A
2019,Mar,Reborn,Diesel,Manual,V,131,N/A
2019,Apr,Reborn,Diesel,Manual,V,169,N/A
2019,May,Reborn,Diesel,Manual,V,112,N/A
2019,Jun,Reborn,Diesel,Manual,V,118,N/A
2019,Jul,Reborn,Diesel,Manual,V,124,N/A
2019,Aug,Reborn,Diesel,Manual,V,194,N/A
2019,Sept,Reborn,Diesel,Manual,V,150,N/A
2019,Oct,Reborn,Diesel,Manual,V,119,N/A
2019,Nov,Reborn,Diesel,Manual,V,141,N/A
2019,Dec,Reborn,Diesel,Manual,V,53,N/A
2019,Jan,Reborn,Gasoline,Manual,Venturer,46,N/A
2019,Feb,Reborn,Gasoline,Manual,Venturer,53,N/A
2019,Mar,Reborn,Gasoline,Manual,Venturer,28,N/A
2019,Apr,Reborn,Gasoline,Manual,Venturer,35,N/A
2019,May,Reborn,Gasoline,Manual,Venturer,21,N/A
2019,Jun,Reborn,Gasoline,Manual,Venturer,20,N/A
2019,Jul,Reborn,Gasoline,Manual,Venturer,29,N/A
2019,Aug,Reborn,Gasoline,Manual,Venturer,20,N/A
2019,Sept,Reborn,Gasoline,Manual,Venturer,22,N/A
2019,Oct,Reborn,Gasoline,Manual,Venturer,17,N/A
2019,Nov,Reborn,Gasoline,Manual,Venturer,47,N/A
2019,Dec,Reborn,Gasoline,Manual,Venturer,18,N/A
2019,Jan,Reborn,Gasoline,Automatic,Venturer,159,N/A
2019,Feb,Reborn,Gasoline,Automatic,Venturer,185,N/A
2019,Mar,Reborn,Gasoline,Automatic,Venturer,123,N/A
2019,Apr,Reborn,Gasoline,Automatic,Venturer,98,N/A
2019,May,Reborn,Gasoline,Automatic,Venturer,136,N/A
2019,Jun,Reborn,Gasoline,Automatic,Venturer,119,N/A
2019,Jul,Reborn,Gasoline,Automatic,Venturer,143,N/A
2019,Aug,Reborn,Gasoline,Automatic,Venturer,167,N/A
2019,Sept,Reborn,Gasoline,Automatic,Venturer,178,N/A
2019,Oct,Reborn,Gasoline,Automatic,Venturer,221,N/A
2019,Nov,Reborn,Gasoline,Automatic,Venturer,165,N/A
2019,Dec,Reborn,Gasoline,Automatic,Venturer,118,N/A
2019,Jan,Reborn,Diesel,Automatic,Venturer,246,N/A
2019,Feb,Reborn,Diesel,Automatic,Venturer,269,N/A
2019,Mar,Reborn,Diesel,Automatic,Venturer,233,N/A
2019,Apr,Reborn,Diesel,Automatic,Venturer,222,N/A
2019,May,Reborn,Diesel,Automatic,Venturer,231,N/A
2019,Jun,Reborn,Diesel,Automatic,Venturer,263,N/A
2019,Jul,Reborn,Diesel,Automatic,Venturer,287,N/A
2019,Aug,Reborn,Diesel,Automatic,Venturer,366,N/A
2019,Sept,Reborn,Diesel,Automatic,Venturer,394,N/A
2019,Oct,Reborn,Diesel,Automatic,Venturer,319,N/A
2019,Nov,Reborn,Diesel,Automatic,Venturer,521,N/A
2019,Dec,Reborn,Diesel,Automatic,Venturer,467,N/A
2019,Jan,Reborn,Diesel,Manual,Venturer,28,N/A
2019,Feb,Reborn,Diesel,Manual,Venturer,23,N/A
2019,Mar,Reborn,Diesel,Manual,Venturer,26,N/A
2019,Apr,Reborn,Diesel,Manual,Venturer,27,N/A
2019,May,Reborn,Diesel,Manual,Venturer,19,N/A
2019,Jun,Reborn,Diesel,Manual,Venturer,22,N/A
2019,Jul,Reborn,Diesel,Manual,Venturer,14,N/A
2019,Aug,Reborn,Diesel,Manual,Venturer,22,N/A
2019,Sept,Reborn,Diesel,Manual,Venturer,27,N/A
2019,Oct,Reborn,Diesel,Manual,Venturer,1,N/A
2019,Nov,Reborn,Diesel,Manual,Venturer,24,N/A
2019,Dec,Reborn,Diesel,Manual,Venturer,23,N/A
2020,Jan,Reborn,Gasoline,Manual,G,458,N/A
2020,Feb,Reborn,Gasoline,Manual,G,862,N/A
2020,Mar,Reborn,Gasoline,Manual,G,433,N/A
2020,Apr,Reborn,Gasoline,Manual,G,126,N/A
2020,May,Reborn,Gasoline,Manual,G,58,N/A
2020,Jun,Reborn,Gasoline,Manual,G,90,N/A
2020,Jul,Reborn,Gasoline,Manual,G,107,N/A
2020,Aug,Reborn,Gasoline,Manual,G,68,N/A
2020,Sept,Reborn,Gasoline,Manual,G,15,N/A
2020,Oct,Reborn,Gasoline,Manual,G,381,Mi
2020,Nov,Reborn,Gasoline,Manual,G,584,Mi
2020,Dec,Reborn,Gasoline,Manual,G,439,Mi
2020,Jan,Reborn,Gasoline,Automatic,G,364,N/A
2020,Feb,Reborn,Gasoline,Automatic,G,565,N/A
2020,Mar,Reborn,Gasoline,Automatic,G,529,N/A
2020,Apr,Reborn,Gasoline,Automatic,G,48,N/A
2020,May,Reborn,Gasoline,Automatic,G,24,N/A
2020,Jun,Reborn,Gasoline,Automatic,G,165,N/A
2020,Jul,Reborn,Gasoline,Automatic,G,164,N/A
2020,Aug,Reborn,Gasoline,Automatic,G,3,N/A
2020,Sept,Reborn,Gasoline,Automatic,G,1,N/A
2020,Oct,Reborn,Gasoline,Automatic,G,353,Mi
2020,Nov,Reborn,Gasoline,Automatic,G,507,Mi
2020,Dec,Reborn,Gasoline,Automatic,G,387,Mi
2020,Jan,Reborn,Diesel,Automatic,G,798,N/A
2020,Feb,Reborn,Diesel,Automatic,G,951,N/A
2020,Mar,Reborn,Diesel,Automatic,G,826,N/A
2020,Apr,Reborn,Diesel,Automatic,G,59,N/A
2020,May,Reborn,Diesel,Automatic,G,14,N/A
2020,Jun,Reborn,Diesel,Automatic,G,74,N/A
2020,Jul,Reborn,Diesel,Automatic,G,296,N/A
2020,Aug,Reborn,Diesel,Automatic,G,335,N/A
2020,Sept,Reborn,Diesel,Automatic,G,97,N/A
2020,Oct,Reborn,Diesel,Automatic,G,351,Mi
2020,Nov,Reborn,Diesel,Automatic,G,644,Mi
2020,Dec,Reborn,Diesel,Automatic,G,538,Mi
2020,Jan,Reborn,Diesel,Automatic,G,0,TRD
2020,Feb,Reborn,Diesel,Automatic,G,0,TRD
2020,Mar,Reborn,Diesel,Automatic,G,0,TRD
2020,Apr,Reborn,Diesel,Automatic,G,0,TRD
2020,May,Reborn,Diesel,Automatic,G,0,TRD
2020,Jun,Reborn,Diesel,Automatic,G,0,TRD
2020,Jul,Reborn,Diesel,Automatic,G,0,TRD
2020,Aug,Reborn,Diesel,Automatic,G,679,TRD
2020,Sept,Reborn,Diesel,Automatic,G,229,TRD
2020,Oct,Reborn,Diesel,Automatic,G,1,TRD
2020,Nov,Reborn,Diesel,Automatic,G,1,TRD
2020,Dec,Reborn,Diesel,Automatic,G,0,TRD
2020,Jan,Reborn,Diesel,Manual,G,837,N/A
2020,Feb,Reborn,Diesel,Manual,G,540,N/A
2020,Mar,Reborn,Diesel,Manual,G,806,N/A
2020,Apr,Reborn,Diesel,Manual,G,74,N/A
2020,May,Reborn,Diesel,Manual,G,25,N/A
2020,Jun,Reborn,Diesel,Manual,G,23,N/A
2020,Jul,Reborn,Diesel,Manual,G,208,N/A
2020,Aug,Reborn,Diesel,Manual,G,48,N/A
2020,Sept,Reborn,Diesel,Manual,G,9,N/A
2020,Oct,Reborn,Diesel,Manual,G,262,Mi
2020,Nov,Reborn,Diesel,Manual,G,502,Mi
2020,Dec,Reborn,Diesel,Manual,G,604,Mi
2020,Jan,Reborn,Diesel,Manual,G,0,TRD
2020,Feb,Reborn,Diesel,Manual,G,0,TRD
2020,Mar,Reborn,Diesel,Manual,G,0,TRD
2020,Apr,Reborn,Diesel,Manual,G,0,TRD
2020,May,Reborn,Diesel,Manual,G,0,TRD
2020,Jun,Reborn,Diesel,Manual,G,0,TRD
2020,Jul,Reborn,Diesel,Manual,G,0,TRD
2020,Aug,Reborn,Diesel,Manual,G,450,TRD
2020,Sept,Reborn,Diesel,Manual,G,305,TRD
2020,Oct,Reborn,Diesel,Manual,G,3,TRD
2020,Nov,Reborn,Diesel,Manual,G,0,TRD
2020,Dec,Reborn,Diesel,Manual,G,0,TRD
2020,Jan,Reborn,Gasoline,Manual,Q,0,N/A
2020,Feb,Reborn,Gasoline,Manual,Q,0,N/A
2020,Mar,Reborn,Gasoline,Manual,Q,0,N/A
2020,Apr,Reborn,Gasoline,Manual,Q,0,N/A
2020,May,Reborn,Gasoline,Manual,Q,1,N/A
2020,Jun,Reborn,Gasoline,Manual,Q,0,N/A
2020,Jul,Reborn,Gasoline,Manual,Q,1,N/A
2020,Aug,Reborn,Gasoline,Manual,Q,1,N/A
2020,Sept,Reborn,Gasoline,Manual,Q,0,N/A
2020,Oct,Reborn,Gasoline,Manual,Q,0,N/A
2020,Nov,Reborn,Gasoline,Manual,Q,0,N/A
2020,Dec,Reborn,Gasoline,Manual,Q,0,N/A
2020,Jan,Reborn,Gasoline,Automatic,Q,0,N/A
2020,Feb,Reborn,Gasoline,Automatic,Q,2,N/A
2020,Mar,Reborn,Gasoline,Automatic,Q,0,N/A
2020,Apr,Reborn,Gasoline,Automatic,Q,0,N/A
2020,May,Reborn,Gasoline,Automatic,Q,0,N/A
2020,Jun,Reborn,Gasoline,Automatic,Q,2,N/A
2020,Jul,Reborn,Gasoline,Automatic,Q,0,N/A
2020,Aug,Reborn,Gasoline,Automatic,Q,0,N/A
2020,Sept,Reborn,Gasoline,Automatic,Q,0,N/A
2020,Oct,Reborn,Gasoline,Automatic,Q,0,N/A
2020,Nov,Reborn,Gasoline,Automatic,Q,0,N/A
2020,Dec,Reborn,Gasoline,Automatic,Q,0,N/A
2020,Jan,Reborn,Gasoline,Manual,V,135,N/A
2020,Feb,Reborn,Gasoline,Manual,V,148,N/A
2020,Mar,Reborn,Gasoline,Manual,V,113,N/A
2020,Apr,Reborn,Gasoline,Manual,V,9,N/A
2020,May,Reborn,Gasoline,Manual,V,7,N/A
2020,Jun,Reborn,Gasoline,Manual,V,4,N/A
2020,Jul,Reborn,Gasoline,Manual,V,29,N/A
2020,Aug,Reborn,Gasoline,Manual,V,0,N/A
2020,Sept,Reborn,Gasoline,Manual,V,0,N/A
2020,Oct,Reborn,Gasoline,Manual,V,43,Mi
2020,Nov,Reborn,Gasoline,Manual,V,86,Mi
2020,Dec,Reborn,Gasoline,Manual,V,43,Mi
2020,Jan,Reborn,Gasoline,Automatic,V,292,N/A
2020,Feb,Reborn,Gasoline,Automatic,V,251,N/A
2020,Mar,Reborn,Gasoline,Automatic,V,146,N/A
2020,Apr,Reborn,Gasoline,Automatic,V,13,N/A
2020,May,Reborn,Gasoline,Automatic,V,7,N/A
2020,Jun,Reborn,Gasoline,Automatic,V,23,N/A
2020,Jul,Reborn,Gasoline,Automatic,V,61,N/A
2020,Aug,Reborn,Gasoline,Automatic,V,2,N/A
2020,Sept,Reborn,Gasoline,Automatic,V,1,N/A
2020,Oct,Reborn,Gasoline,Automatic,V,83,Mi
2020,Nov,Reborn,Gasoline,Automatic,V,156,Mi
2020,Dec,Reborn,Gasoline,Automatic,V,188,Mi
2020,Jan,Reborn,Diesel,Automatic,V,355,N/A
2020,Feb,Reborn,Diesel,Automatic,V,723,N/A
2020,Mar,Reborn,Diesel,Automatic,V,612,N/A
2020,Apr,Reborn,Diesel,Automatic,V,38,N/A
2020,May,Reborn,Diesel,Automatic,V,5,N/A
2020,Jun,Reborn,Diesel,Automatic,V,37,N/A
2020,Jul,Reborn,Diesel,Automatic,V,262,N/A
2020,Aug,Reborn,Diesel,Automatic,V,195,N/A
2020,Sept,Reborn,Diesel,Automatic,V,8,N/A
2020,Oct,Reborn,Diesel,Automatic,V,293,Mi
2020,Nov,Reborn,Diesel,Automatic,V,484,Mi
2020,Dec,Reborn,Diesel,Automatic,V,521,Mi
2020,Jan,Reborn,Diesel,Automatic,V,0,TRD
2020,Feb,Reborn,Diesel,Automatic,V,0,TRD
2020,Mar,Reborn,Diesel,Automatic,V,0,TRD
2020,Apr,Reborn,Diesel,Automatic,V,0,TRD
2020,May,Reborn,Diesel,Automatic,V,0,TRD
2020,Jun,Reborn,Diesel,Automatic,V,0,TRD
2020,Jul,Reborn,Diesel,Automatic,V,0,TRD
2020,Aug,Reborn,Diesel,Automatic,V,525,TRD
2020,Sept,Reborn,Diesel,Automatic,V,210,TRD
2020,Oct,Reborn,Diesel,Automatic,V,0,TRD
2020,Nov,Reborn,Diesel,Automatic,V,0,TRD
2020,Dec,Reborn,Diesel,Automatic,V,0,TRD
2020,Jan,Reborn,Diesel,Manual,V,168,N/A
2020,Feb,Reborn,Diesel,Manual,V,191,N/A
2020,Mar,Reborn,Diesel,Manual,V,131,N/A
2020,Apr,Reborn,Diesel,Manual,V,7,N/A
2020,May,Reborn,Diesel,Manual,V,4,N/A
2020,Jun,Reborn,Diesel,Manual,V,20,N/A
2020,Jul,Reborn,Diesel,Manual,V,37,N/A
2020,Aug,Reborn,Diesel,Manual,V,2,N/A
2020,Sept,Reborn,Diesel,Manual,V,0,N/A
2020,Oct,Reborn,Diesel,Manual,V,37,Mi
2020,Nov,Reborn,Diesel,Manual,V,71,Mi
2020,Dec,Reborn,Diesel,Manual,V,181,Mi
2020,Jan,Reborn,Diesel,Manual,V,0,TRD
2020,Feb,Reborn,Diesel,Manual,V,0,TRD
2020,Mar,Reborn,Diesel,Manual,V,0,TRD
2020,Apr,Reborn,Diesel,Manual,V,0,TRD
2020,May,Reborn,Diesel,Manual,V,0,TRD
2020,Jun,Reborn,Diesel,Manual,V,0,TRD
2020,Jul,Reborn,Diesel,Manual,V,0,TRD
2020,Aug,Reborn,Diesel,Manual,V,168,TRD
2020,Sept,Reborn,Diesel,Manual,V,61,TRD
2020,Oct,Reborn,Diesel,Manual,V,0,TRD
2020,Nov,Reborn,Diesel,Manual,V,0,TRD
2020,Dec,Reborn,Diesel,Manual,V,0,TRD
2020,Jan,Reborn,Gasoline,Manual,Venturer,27,N/A
2020,Feb,Reborn,Gasoline,Manual,Venturer,14,N/A
2020,Mar,Reborn,Gasoline,Manual,Venturer,23,N/A
2020,Apr,Reborn,Gasoline,Manual,Venturer,10,N/A
2020,May,Reborn,Gasoline,Manual,Venturer,9,N/A
2020,Jun,Reborn,Gasoline,Manual,Venturer,21,N/A
2020,Jul,Reborn,Gasoline,Manual,Venturer,3,N/A
2020,Aug,Reborn,Gasoline,Manual,Venturer,0,N/A
2020,Sept,Reborn,Gasoline,Manual,Venturer,0,N/A
2020,Oct,Reborn,Gasoline,Manual,Venturer,12,Mi
2020,Nov,Reborn,Gasoline,Manual,Venturer,12,Mi
2020,Dec,Reborn,Gasoline,Manual,Venturer,10,Mi
2020,Jan,Reborn,Gasoline,Automatic,Venturer,204,N/A
2020,Feb,Reborn,Gasoline,Automatic,Venturer,128,N/A
2020,Mar,Reborn,Gasoline,Automatic,Venturer,114,N/A
2020,Apr,Reborn,Gasoline,Automatic,Venturer,21,N/A
2020,May,Reborn,Gasoline,Automatic,Venturer,6,N/A
2020,Jun,Reborn,Gasoline,Automatic,Venturer,9,N/A
2020,Jul,Reborn,Gasoline,Automatic,Venturer,31,N/A
2020,Aug,Reborn,Gasoline,Automatic,Venturer,1,N/A
2020,Sept,Reborn,Gasoline,Automatic,Venturer,2,N/A
2020,Oct,Reborn,Gasoline,Automatic,Venturer,173,Mi
2020,Nov,Reborn,Gasoline,Automatic,Venturer,164,Mi
2020,Dec,Reborn,Gasoline,Automatic,Venturer,113,Mi
2020,Jan,Reborn,Diesel,Automatic,Venturer,10,N/A
2020,Feb,Reborn,Diesel,Automatic,Venturer,0,N/A
2020,Mar,Reborn,Diesel,Automatic,Venturer,26,N/A
2020,Apr,Reborn,Diesel,Automatic,Venturer,12,N/A
2020,May,Reborn,Diesel,Automatic,Venturer,6,N/A
2020,Jun,Reborn,Diesel,Automatic,Venturer,33,N/A
2020,Jul,Reborn,Diesel,Automatic,Venturer,4,N/A
2020,Aug,Reborn,Diesel,Automatic,Venturer,0,N/A
2020,Sept,Reborn,Diesel,Automatic,Venturer,0,N/A
2020,Oct,Reborn,Diesel,Automatic,Venturer,91,Mi
2020,Nov,Reborn,Diesel,Automatic,Venturer,232,Mi
2020,Dec,Reborn,Diesel,Automatic,Venturer,450,Mi
2020,Jan,Reborn,Diesel,Manual,Venturer,362,N/A
2020,Feb,Reborn,Diesel,Manual,Venturer,218,N/A
2020,Mar,Reborn,Diesel,Manual,Venturer,331,N/A
2020,Apr,Reborn,Diesel,Manual,Venturer,38,N/A
2020,May,Reborn,Diesel,Manual,Venturer,20,N/A
2020,Jun,Reborn,Diesel,Manual,Venturer,22,N/A
2020,Jul,Reborn,Diesel,Manual,Venturer,69,N/A
2020,Aug,Reborn,Diesel,Manual,Venturer,0,N/A
2020,Sept,Reborn,Diesel,Manual,Venturer,0,N/A
2020,Oct,Reborn,Diesel,Manual,Venturer,10,Mi
2020,Nov,Reborn,Diesel,Manual,Venturer,10,Mi
2020,Dec,Reborn,Diesel,Manual,Venturer,10,Mi
2021,Jan,Reborn,Gasoline,Manual,G,613,Mi
2021,Feb,Reborn,Gasoline,Manual,G,293,Mi
2021,Mar,Reborn,Gasoline,Manual,G,108,Mi
2021,Apr,Reborn,Gasoline,Manual,G,389,Mi
2021,May,Reborn,Gasoline,Manual,G,305,Mi
2021,Jun,Reborn,Gasoline,Manual,G,614,Mi
2021,Jul,Reborn,Gasoline,Manual,G,211,Mi
2021,Aug,Reborn,Gasoline,Manual,G,874,Mi
2021,Sept,Reborn,Gasoline,Manual,G,469,Mi
2021,Oct,Reborn,Gasoline,Manual,G,330,Mi
2021,Nov,Reborn,Gasoline,Manual,G,1128,Mi
2021,Dec,Reborn,Gasoline,Manual,G,812,Mi
2021,Jan,Reborn,Gasoline,Automatic,G,460,Mi
2021,Feb,Reborn,Gasoline,Automatic,G,210,Mi
2021,Mar,Reborn,Gasoline,Automatic,G,138,Mi
2021,Apr,Reborn,Gasoline,Automatic,G,422,Mi
2021,May,Reborn,Gasoline,Automatic,G,272,Mi
2021,Jun,Reborn,Gasoline,Automatic,G,472,Mi
2021,Jul,Reborn,Gasoline,Automatic,G,113,Mi
2021,Aug,Reborn,Gasoline,Automatic,G,501,Mi
2021,Sept,Reborn,Gasoline,Automatic,G,463,Mi
2021,Oct,Reborn,Gasoline,Automatic,G,374,Mi
2021,Nov,Reborn,Gasoline,Automatic,G,535,Mi
2021,Dec,Reborn,Gasoline,Automatic,G,756,Mi
2021,Jan,Reborn,Gasoline,Manual,G,388,Mi
2021,Feb,Reborn,Gasoline,Manual,G,390,Mi
2021,Mar,Reborn,Gasoline,Manual,G,346,Mi
2021,Apr,Reborn,Gasoline,Manual,G,1153,Mi
2021,May,Reborn,Gasoline,Manual,G,306,Mi
2021,Jun,Reborn,Gasoline,Manual,G,570,Mi
2021,Jul,Reborn,Gasoline,Manual,G,566,Mi
2021,Aug,Reborn,Gasoline,Manual,G,1014,Mi
2021,Sept,Reborn,Gasoline,Manual,G,436,Mi
2021,Oct,Reborn,Gasoline,Manual,G,162,Mi
2021,Nov,Reborn,Gasoline,Manual,G,996,Mi
2021,Dec,Reborn,Gasoline,Manual,G,1190,Mi
2021,Jan,Reborn,Gasoline,Automatic,G,484,Mi
2021,Feb,Reborn,Gasoline,Automatic,G,769,Mi
2021,Mar,Reborn,Gasoline,Automatic,G,523,Mi
2021,Apr,Reborn,Gasoline,Automatic,G,1581,Mi
2021,May,Reborn,Gasoline,Automatic,G,578,Mi
2021,Jun,Reborn,Gasoline,Automatic,G,861,Mi
2021,Jul,Reborn,Gasoline,Automatic,G,533,Mi
2021,Aug,Reborn,Gasoline,Automatic,G,1080,Mi
2021,Sept,Reborn,Gasoline,Automatic,G,997,Mi
2021,Oct,Reborn,Gasoline,Automatic,G,895,Mi
2021,Nov,Reborn,Gasoline,Automatic,G,1041,Mi
2021,Dec,Reborn,Gasoline,Automatic,G,946,Mi
2021,Jan,Reborn,Gasoline,Manual,V,18,Mi
2021,Feb,Reborn,Gasoline,Manual,V,5,Mi
2021,Mar,Reborn,Gasoline,Manual,V,10,Mi
2021,Apr,Reborn,Gasoline,Manual,V,51,Mi
2021,May,Reborn,Gasoline,Manual,V,57,Mi
2021,Jun,Reborn,Gasoline,Manual,V,28,Mi
2021,Jul,Reborn,Gasoline,Manual,V,9,Mi
2021,Aug,Reborn,Gasoline,Manual,V,253,Mi
2021,Sept,Reborn,Gasoline,Manual,V,39,Mi
2021,Oct,Reborn,Gasoline,Manual,V,68,Mi
2021,Nov,Reborn,Gasoline,Manual,V,60,Mi
2021,Dec,Reborn,Gasoline,Manual,V,47,Mi
2021,Jan,Reborn,Gasoline,Automatic,V,308,Mi
2021,Feb,Reborn,Gasoline,Automatic,V,170,Mi
2021,Mar,Reborn,Gasoline,Automatic,V,73,Mi
2021,Apr,Reborn,Gasoline,Automatic,V,335,Mi
2021,May,Reborn,Gasoline,Automatic,V,232,Mi
2021,Jun,Reborn,Gasoline,Automatic,V,176,Mi
2021,Jul,Reborn,Gasoline,Automatic,V,294,Mi
2021,Aug,Reborn,Gasoline,Automatic,V,269,Mi
2021,Sept,Reborn,Gasoline,Automatic,V,260,Mi
2021,Oct,Reborn,Gasoline,Automatic,V,224,Mi
2021,Nov,Reborn,Gasoline,Automatic,V,322,Mi
2021,Dec,Reborn,Gasoline,Automatic,V,522,Mi
2021,Jan,Reborn,Diesel,Manual,V,100,Mi
2021,Feb,Reborn,Diesel,Manual,V,99,Mi
2021,Mar,Reborn,Diesel,Manual,V,80,Mi
2021,Apr,Reborn,Diesel,Manual,V,71,Mi
2021,May,Reborn,Diesel,Manual,V,31,Mi
2021,Jun,Reborn,Diesel,Manual,V,26,Mi
2021,Jul,Reborn,Diesel,Manual,V,9,Mi
2021,Aug,Reborn,Diesel,Manual,V,19,Mi
2021,Sept,Reborn,Diesel,Manual,V,180,Mi
2021,Oct,Reborn,Diesel,Manual,V,151,Mi
2021,Nov,Reborn,Diesel,Manual,V,161,Mi
2021,Dec,Reborn,Diesel,Manual,V,98,Mi
2021,Jan,Reborn,Diesel,Automatic,V,474,Mi
2021,Feb,Reborn,Diesel,Automatic,V,719,Mi
2021,Mar,Reborn,Diesel,Automatic,V,433,Mi
2021,Apr,Reborn,Diesel,Automatic,V,1342,Mi
2021,May,Reborn,Diesel,Automatic,V,484,Mi
2021,Jun,Reborn,Diesel,Automatic,V,834,Mi
2021,Jul,Reborn,Diesel,Automatic,V,235,Mi
2021,Aug,Reborn,Diesel,Automatic,V,642,Mi
2021,Sept,Reborn,Diesel,Automatic,V,866,Mi
2021,Oct,Reborn,Diesel,Automatic,V,1010,Mi
2021,Nov,Reborn,Diesel,Automatic,V,908,Mi
2021,Dec,Reborn,Diesel,Automatic,V,1009,Mi
2021,Jan,Reborn,Gasoline,Manual,Venturer,6,Mi
2021,Feb,Reborn,Gasoline,Manual,Venturer,5,Mi
2021,Mar,Reborn,Gasoline,Manual,Venturer,12,Mi
2021,Apr,Reborn,Gasoline,Manual,Venturer,18,Mi
2021,May,Reborn,Gasoline,Manual,Venturer,31,Mi
2021,Jun,Reborn,Gasoline,Manual,Venturer,8,Mi
2021,Jul,Reborn,Gasoline,Manual,Venturer,2,Mi
2021,Aug,Reborn,Gasoline,Manual,Venturer,53,Mi
2021,Sept,Reborn,Gasoline,Manual,Venturer,27,Mi
2021,Oct,Reborn,Gasoline,Manual,Venturer,21,Mi
2021,Nov,Reborn,Gasoline,Manual,Venturer,15,Mi
2021,Dec,Reborn,Gasoline,Manual,Venturer,15,Mi
2021,Jan,Reborn,Gasoline,Automatic,Venturer,210,Mi
2021,Feb,Reborn,Gasoline,Automatic,Venturer,81,Mi
2021,Mar,Reborn,Gasoline,Automatic,Venturer,9,Mi
2021,Apr,Reborn,Gasoline,Automatic,Venturer,27,Mi
2021,May,Reborn,Gasoline,Automatic,Venturer,36,Mi
2021,Jun,Reborn,Gasoline,Automatic,Venturer,49,Mi
2021,Jul,Reborn,Gasoline,Automatic,Venturer,32,Mi
2021,Aug,Reborn,Gasoline,Automatic,Venturer,38,Mi
2021,Sept,Reborn,Gasoline,Automatic,Venturer,204,Mi
2021,Oct,Reborn,Gasoline,Automatic,Venturer,184,Mi
2021,Nov,Reborn,Gasoline,Automatic,Venturer,121,Mi
2021,Dec,Reborn,Gasoline,Automatic,Venturer,115,Mi
2021,Jan,Reborn,Diesel,Manual,Venturer,8,Mi
2021,Feb,Reborn,Diesel,Manual,Venturer,10,Mi
2021,Mar,Reborn,Diesel,Manual,Venturer,11,Mi
2021,Apr,Reborn,Diesel,Manual,Venturer,29,Mi
2021,May,Reborn,Diesel,Manual,Venturer,24,Mi
2021,Jun,Reborn,Diesel,Manual,Venturer,17,Mi
2021,Jul,Reborn,Diesel,Manual,Venturer,2,Mi
2021,Aug,Reborn,Diesel,Manual,Venturer,6,Mi
2021,Sept,Reborn,Diesel,Manual,Venturer,72,Mi
2021,Oct,Reborn,Diesel,Manual,Venturer,49,Mi
2021,Nov,Reborn,Diesel,Manual,Venturer,51,Mi
2021,Dec,Reborn,Diesel,Manual,Venturer,21,Mi
2021,Jan,Reborn,Diesel,Automatic,Venturer,332,Mi
2021,Feb,Reborn,Diesel,Automatic,Venturer,363,Mi
2021,Mar,Reborn,Diesel,Automatic,Venturer,302,Mi
2021,Apr,Reborn,Diesel,Automatic,Venturer,776,Mi
2021,May,Reborn,Diesel,Automatic,Venturer,368,Mi
2021,Jun,Reborn,Diesel,Automatic,Venturer,396,Mi
2021,Jul,Reborn,Diesel,Automatic,Venturer,113,Mi
2021,Aug,Reborn,Diesel,Automatic,Venturer,323,Mi
2021,Sept,Reborn,Diesel,Automatic,Venturer,434,Mi
2021,Oct,Reborn,Diesel,Automatic,Venturer,674,Mi
2021,Nov,Reborn,Diesel,Automatic,Venturer,521,Mi
2021,Dec,Reborn,Diesel,Automatic,Venturer,806,Mi
2021,Jan,Reborn,Gasoline,Automatic,Venturer,0,50t
2021,Feb,Reborn,Gasoline,Automatic,Venturer,0,50t
2021,Mar,Reborn,Gasoline,Automatic,Venturer,0,50t
2021,Apr,Reborn,Gasoline,Automatic,Venturer,28,50t
2021,May,Reborn,Gasoline,Automatic,Venturer,2,50t
2021,Jun,Reborn,Gasoline,Automatic,Venturer,0,50t
2021,Jul,Reborn,Gasoline,Automatic,Venturer,0,50t
2021,Aug,Reborn,Gasoline,Automatic,Venturer,0,50t
2021,Sept,Reborn,Gasoline,Automatic,Venturer,0,50t
2021,Oct,Reborn,Gasoline,Automatic,Venturer,0,50t
2021,Nov,Reborn,Gasoline,Automatic,Venturer,0,50t
2021,Dec,Reborn,Gasoline,Automatic,Venturer,0,50t
2022,Jan,Reborn,Gasoline,Manual,G,234,Mi
2022,Feb,Reborn,Gasoline,Manual,G,711,Mi
2022,Mar,Reborn,Gasoline,Manual,G,146,Mi
2022,Apr,Reborn,Gasoline,Manual,G,50,Mi
2022,May,Reborn,Gasoline,Manual,G,337,Mi
2022,Jun,Reborn,Gasoline,Manual,G,362,Mi
2022,Jul,Reborn,Gasoline,Manual,G,458,Mi
2022,Aug,Reborn,Gasoline,Manual,G,948,Mi
2022,Sept,Reborn,Gasoline,Manual,G,490,Mi
2022,Oct,Reborn,Gasoline,Manual,G,706,Mi
2022,Nov,Reborn,Gasoline,Manual,G,64,Mi
2022,Dec,Reborn,Gasoline,Manual,G,1015,Mi
2022,Jan,Reborn,Gasoline,Automatic,G,240,Mi
2022,Feb,Reborn,Gasoline,Automatic,G,562,Mi
2022,Mar,Reborn,Gasoline,Automatic,G,335,Mi
2022,Apr,Reborn,Gasoline,Automatic,G,449,Mi
2022,May,Reborn,Gasoline,Automatic,G,206,Mi
2022,Jun,Reborn,Gasoline,Automatic,G,258,Mi
2022,Jul,Reborn,Gasoline,Automatic,G,252,Mi
2022,Aug,Reborn,Gasoline,Automatic,G,282,Mi
2022,Sept,Reborn,Gasoline,Automatic,G,1272,Mi
2022,Oct,Reborn,Gasoline,Automatic,G,733,Mi
2022,Nov,Reborn,Gasoline,Automatic,G,7,Mi
2022,Dec,Reborn,Gasoline,Automatic,G,1,Mi
2022,Jan,Reborn,Diesel,Manual,G,394,Mi
2022,Feb,Reborn,Diesel,Manual,G,778,Mi
2022,Mar,Reborn,Diesel,Manual,G,936,Mi
2022,Apr,Reborn,Diesel,Manual,G,495,Mi
2022,May,Reborn,Diesel,Manual,G,313,Mi
2022,Jun,Reborn,Diesel,Manual,G,451,Mi
2022,Jul,Reborn,Diesel,Manual,G,497,Mi
2022,Aug,Reborn,Diesel,Manual,G,741,Mi
2022,Sept,Reborn,Diesel,Manual,G,689,Mi
2022,Oct,Reborn,Diesel,Manual,G,573,Mi
2022,Nov,Reborn,Diesel,Manual,G,479,Mi
2022,Dec,Reborn,Diesel,Manual,G,339,Mi
2022,Jan,Reborn,Diesel,Automatic,G,724,Mi
2022,Feb,Reborn,Diesel,Automatic,G,1121,Mi
2022,Mar,Reborn,Diesel,Automatic,G,886,Mi
2022,Apr,Reborn,Diesel,Automatic,G,1281,Mi
2022,May,Reborn,Diesel,Automatic,G,620,Mi
2022,Jun,Reborn,Diesel,Automatic,G,751,Mi
2022,Jul,Reborn,Diesel,Automatic,G,403,Mi
2022,Aug,Reborn,Diesel,Automatic,G,560,Mi
2022,Sept,Reborn,Diesel,Automatic,G,839,Mi
2022,Oct,Reborn,Diesel,Automatic,G,429,Mi
2022,Nov,Reborn,Diesel,Automatic,G,4,Mi
2022,Dec,Reborn,Diesel,Automatic,G,1,Mi
2022,Jan,Reborn,Gasoline,Manual,V,21,Mi
2022,Feb,Reborn,Gasoline,Manual,V,37,Mi
2022,Mar,Reborn,Gasoline,Manual,V,32,Mi
2022,Apr,Reborn,Gasoline,Manual,V,43,Mi
2022,May,Reborn,Gasoline,Manual,V,41,Mi
2022,Jun,Reborn,Gasoline,Manual,V,70,Mi
2022,Jul,Reborn,Gasoline,Manual,V,13,Mi
2022,Aug,Reborn,Gasoline,Manual,V,26,Mi
2022,Sept,Reborn,Gasoline,Manual,V,131,Mi
2022,Oct,Reborn,Gasoline,Manual,V,41,Mi
2022,Nov,Reborn,Gasoline,Manual,V,0,Mi
2022,Dec,Reborn,Gasoline,Manual,V,2,Mi
2022,Jan,Reborn,Gasoline,Automatic,V,185,Mi
2022,Feb,Reborn,Gasoline,Automatic,V,300,Mi
2022,Mar,Reborn,Gasoline,Automatic,V,462,Mi
2022,Apr,Reborn,Gasoline,Automatic,V,119,Mi
2022,May,Reborn,Gasoline,Automatic,V,120,Mi
2022,Jun,Reborn,Gasoline,Automatic,V,102,Mi
2022,Jul,Reborn,Gasoline,Automatic,V,195,Mi
2022,Aug,Reborn,Gasoline,Automatic,V,128,Mi
2022,Sept,Reborn,Gasoline,Automatic,V,537,Mi
2022,Oct,Reborn,Gasoline,Automatic,V,354,Mi
2022,Nov,Reborn,Gasoline,Automatic,V,3,Mi
2022,Dec,Reborn,Gasoline,Automatic,V,6,Mi
2022,Jan,Reborn,Diesel,Manual,V,54,Mi
2022,Feb,Reborn,Diesel,Manual,V,44,Mi
2022,Mar,Reborn,Diesel,Manual,V,54,Mi
2022,Apr,Reborn,Diesel,Manual,V,80,Mi
2022,May,Reborn,Diesel,Manual,V,56,Mi
2022,Jun,Reborn,Diesel,Manual,V,125,Mi
2022,Jul,Reborn,Diesel,Manual,V,18,Mi
2022,Aug,Reborn,Diesel,Manual,V,51,Mi
2022,Sept,Reborn,Diesel,Manual,V,143,Mi
2022,Oct,Reborn,Diesel,Manual,V,46,Mi
2022,Nov,Reborn,Diesel,Manual,V,0,Mi
2022,Dec,Reborn,Diesel,Manual,V,0,Mi
2022,Jan,Reborn,Diesel,Automatic,V,1374,Mi
2022,Feb,Reborn,Diesel,Automatic,V,338,Mi
2022,Mar,Reborn,Diesel,Automatic,V,2084,Mi
2022,Apr,Reborn,Diesel,Automatic,V,359,Mi
2022,May,Reborn,Diesel,Automatic,V,108,Mi
2022,Jun,Reborn,Diesel,Automatic,V,690,Mi
2022,Jul,Reborn,Diesel,Automatic,V,406,Mi
2022,Aug,Reborn,Diesel,Automatic,V,755,Mi
2022,Sept,Reborn,Diesel,Automatic,V,447,Mi
2022,Oct,Reborn,Diesel,Automatic,V,279,Mi
2022,Nov,Reborn,Diesel,Automatic,V,3,Mi
2022,Dec,Reborn,Diesel,Automatic,V,0,Mi
2022,Jan,Reborn,Gasoline,Manual,Venturer,3,Mi
2022,Feb,Reborn,Gasoline,Manual,Venturer,5,Mi
2022,Mar,Reborn,Gasoline,Manual,Venturer,6,Mi
2022,Apr,Reborn,Gasoline,Manual,Venturer,0,Mi
2022,May,Reborn,Gasoline,Manual,Venturer,0,Mi
2022,Jun,Reborn,Gasoline,Manual,Venturer,0,Mi
2022,Jul,Reborn,Gasoline,Manual,Venturer,0,Mi
2022,Aug,Reborn,Gasoline,Manual,Venturer,0,Mi
2022,Sept,Reborn,Gasoline,Manual,Venturer,0,Mi
2022,Oct,Reborn,Gasoline,Manual,Venturer,0,Mi
2022,Nov,Reborn,Gasoline,Manual,Venturer,0,Mi
2022,Dec,Reborn,Gasoline,Manual,Venturer,0,Mi
2022,Jan,Reborn,Gasoline,Automatic,Venturer,43,Mi
2022,Feb,Reborn,Gasoline,Automatic,Venturer,82,Mi
2022,Mar,Reborn,Gasoline,Automatic,Venturer,62,Mi
2022,Apr,Reborn,Gasoline,Automatic,Venturer,136,Mi
2022,May,Reborn,Gasoline,Automatic,Venturer,105,Mi
2022,Jun,Reborn,Gasoline,Automatic,Venturer,83,Mi
2022,Jul,Reborn,Gasoline,Automatic,Venturer,120,Mi
2022,Aug,Reborn,Gasoline,Automatic,Venturer,40,Mi
2022,Sept,Reborn,Gasoline,Automatic,Venturer,261,Mi
2022,Oct,Reborn,Gasoline,Automatic,Venturer,8,Mi
2022,Nov,Reborn,Gasoline,Automatic,Venturer,0,Mi
2022,Dec,Reborn,Gasoline,Automatic,Venturer,1,Mi
2022,Jan,Reborn,Diesel,Manual,Venturer,7,Mi
2022,Feb,Reborn,Diesel,Manual,Venturer,10,Mi
2022,Mar,Reborn,Diesel,Manual,Venturer,5,Mi
2022,Apr,Reborn,Diesel,Manual,Venturer,2,Mi
2022,May,Reborn,Diesel,Manual,Venturer,2,Mi
2022,Jun,Reborn,Diesel,Manual,Venturer,2,Mi
2022,Jul,Reborn,Diesel,Manual,Venturer,0,Mi
2022,Aug,Reborn,Diesel,Manual,Venturer,0,Mi
2022,Sept,Reborn,Diesel,Manual,Venturer,0,Mi
2022,Oct,Reborn,Diesel,Manual,Venturer,0,Mi
2022,Nov,Reborn,Diesel,Manual,Venturer,0,Mi
2022,Dec,Reborn,Diesel,Manual,Venturer,0,Mi
2022,Jan,Reborn,Diesel,Automatic,Venturer,691,Mi
2022,Feb,Reborn,Diesel,Automatic,Venturer,387,Mi
2022,Mar,Reborn,Diesel,Automatic,Venturer,1311,Mi
2022,Apr,Reborn,Diesel,Automatic,Venturer,321,Mi
2022,May,Reborn,Diesel,Automatic,Venturer,139,Mi
2022,Jun,Reborn,Diesel,Automatic,Venturer,554,Mi
2022,Jul,Reborn,Diesel,Automatic,Venturer,287,Mi
2022,Aug,Reborn,Diesel,Automatic,Venturer,418,Mi
2022,Sept,Reborn,Diesel,Automatic,Venturer,617,Mi
2022,Oct,Reborn,Diesel,Automatic,Venturer,210,Mi
2022,Nov,Reborn,Diesel,Automatic,Venturer,7,Mi
2022,Dec,Reborn,Diesel,Automatic,Venturer,0,Mi
2022,Jan,Zenix,Gasoline,Automatic,G,0,N/A
2022,Feb,Zenix,Gasoline,Automatic,G,0,N/A
2022,Mar,Zenix,Gasoline,Automatic,G,0,N/A
2022,Apr,Zenix,Gasoline,Automatic,G,0,N/A
2022,May,Zenix,Gasoline,Automatic,G,0,N/A
2022,Jun,Zenix,Gasoline,Automatic,G,0,N/A
2022,Jul,Zenix,Gasoline,Automatic,G,0,N/A
2022,Aug,Zenix,Gasoline,Automatic,G,0,N/A
2022,Sept,Zenix,Gasoline,Automatic,G,0,N/A
2022,Oct,Zenix,Gasoline,Automatic,G,0,N/A
2022,Nov,Zenix,Gasoline,Automatic,G,306,N/A
2022,Dec,Zenix,Gasoline,Automatic,G,845,N/A
2022,Jan,Zenix,Gasoline,Automatic,V,0,N/A
2022,Feb,Zenix,Gasoline,Automatic,V,0,N/A
2022,Mar,Zenix,Gasoline,Automatic,V,0,N/A
2022,Apr,Zenix,Gasoline,Automatic,V,0,N/A
2022,May,Zenix,Gasoline,Automatic,V,0,N/A
2022,Jun,Zenix,Gasoline,Automatic,V,0,N/A
2022,Jul,Zenix,Gasoline,Automatic,V,0,N/A
2022,Aug,Zenix,Gasoline,Automatic,V,0,N/A
2022,Sept,Zenix,Gasoline,Automatic,V,0,N/A
2022,Oct,Zenix,Gasoline,Automatic,V,0,N/A
2022,Nov,Zenix,Gasoline,Automatic,V,434,N/A
2022,Dec,Zenix,Gasoline,Automatic,V,1905,N/A
2022,Jan,Zenix,Hybrid,Automatic,G,0,N/A
2022,Feb,Zenix,Hybrid,Automatic,G,0,N/A
2022,Mar,Zenix,Hybrid,Automatic,G,0,N/A
2022,Apr,Zenix,Hybrid,Automatic,G,0,N/A
2022,May,Zenix,Hybrid,Automatic,G,0,N/A
2022,Jun,Zenix,Hybrid,Automatic,G,0,N/A
2022,Jul,Zenix,Hybrid,Automatic,G,0,N/A
2022,Aug,Zenix,Hybrid,Automatic,G,0,N/A
2022,Sept,Zenix,Hybrid,Automatic,G,0,N/A
2022,Oct,Zenix,Hybrid,Automatic,G,0,N/A
2022,Nov,Zenix,Hybrid,Automatic,G,80,N/A
2022,Dec,Zenix,Hybrid,Automatic,G,342,N/A
2022,Jan,Zenix,Hybrid,Automatic,V,0,N/A
2022,Feb,Zenix,Hybrid,Automatic,V,0,N/A
2022,Mar,Zenix,Hybrid,Automatic,V,0,N/A
2022,Apr,Zenix,Hybrid,Automatic,V,0,N/A
2022,May,Zenix,Hybrid,Automatic,V,0,N/A
2022,Jun,Zenix,Hybrid,Automatic,V,0,N/A
2022,Jul,Zenix,Hybrid,Automatic,V,0,N/A
2022,Aug,Zenix,Hybrid,Automatic,V,0,N/A
2022,Sept,Zenix,Hybrid,Automatic,V,0,N/A
2022,Oct,Zenix,Hybrid,Automatic,V,0,N/A
2022,Nov,Zenix,Hybrid,Automatic,V,114,N/A
2022,Dec,Zenix,Hybrid,Automatic,V,247,N/A
2022,Jan,Zenix,Hybrid,Automatic,V,0,Modelista
2022,Feb,Zenix,Hybrid,Automatic,V,0,Modelista
2022,Mar,Zenix,Hybrid,Automatic,V,0,Modelista
2022,Apr,Zenix,Hybrid,Automatic,V,0,Modelista
2022,May,Zenix,Hybrid,Automatic,V,0,Modelista
2022,Jun,Zenix,Hybrid,Automatic,V,0,Modelista
2022,Jul,Zenix,Hybrid,Automatic,V,0,Modelista
2022,Aug,Zenix,Hybrid,Automatic,V,0,Modelista
2022,Sept,Zenix,Hybrid,Automatic,V,0,Modelista
2022,Oct,Zenix,Hybrid,Automatic,V,0,Modelista
2022,Nov,Zenix,Hybrid,Automatic,V,91,Modelista
2022,Dec,Zenix,Hybrid,Automatic,V,443,Modelista
2022,Jan,Zenix,Hybrid,Automatic,Q,0,Modelista + TSS
2022,Feb,Zenix,Hybrid,Automatic,Q,0,Modelista + TSS
2022,Mar,Zenix,Hybrid,Automatic,Q,0,Modelista + TSS
2022,Apr,Zenix,Hybrid,Automatic,Q,0,Modelista + TSS
2022,May,Zenix,Hybrid,Automatic,Q,0,Modelista + TSS
2022,Jun,Zenix,Hybrid,Automatic,Q,0,Modelista + TSS
2022,Jul,Zenix,Hybrid,Automatic,Q,0,Modelista + TSS
2022,Aug,Zenix,Hybrid,Automatic,Q,0,Modelista + TSS
2022,Sept,Zenix,Hybrid,Automatic,Q,0,Modelista + TSS
2022,Oct,Zenix,Hybrid,Automatic,Q,0,Modelista + TSS
2022,Nov,Zenix,Hybrid,Automatic,Q,339,Modelista + TSS
2022,Dec,Zenix,Hybrid,Automatic,Q,863,Modelista + TSS
2023,Jan,Reborn,Diesel,Manual,G,298,Mi
2023,Feb,Reborn,Diesel,Manual,G,655,Mi
2023,Mar,Reborn,Diesel,Manual,G,394,Mi
2023,Apr,Reborn,Diesel,Manual,G,188,Mi
2023,May,Reborn,Diesel,Manual,G,446,Mi
2023,Jun,Reborn,Diesel,Manual,G,143,Mi
2023,Jul,Reborn,Diesel,Manual,G,679,Mi
2023,Aug,Reborn,Diesel,Manual,G,920,Mi
2023,Sept,Reborn,Diesel,Manual,G,583,Mi
2023,Oct,Reborn,Diesel,Manual,G,913,Mi
2023,Nov,Reborn,Diesel,Manual,G,1464,Mi
2023,Dec,Reborn,Diesel,Manual,G,1057,Mi
2023,Jan,Reborn,Diesel,Automatic,G,0,Mi
2023,Feb,Reborn,Diesel,Automatic,G,0,Mi
2023,Mar,Reborn,Diesel,Automatic,G,632,Mi
2023,Apr,Reborn,Diesel,Automatic,G,409,Mi
2023,May,Reborn,Diesel,Automatic,G,861,Mi
2023,Jun,Reborn,Diesel,Automatic,G,157,Mi
2023,Jul,Reborn,Diesel,Automatic,G,983,Mi
2023,Aug,Reborn,Diesel,Automatic,G,922,Mi
2023,Sept,Reborn,Diesel,Automatic,G,1019,Mi
2023,Oct,Reborn,Diesel,Automatic,G,1554,Mi
2023,Nov,Reborn,Diesel,Automatic,G,1887,Mi
2023,Dec,Reborn,Diesel,Automatic,G,2653,Mi
2023,Jan,Reborn,Gasoline,Manual,G,322,Mi
2023,Feb,Reborn,Gasoline,Manual,G,439,Mi
2023,Mar,Reborn,Gasoline,Manual,G,318,Mi
2023,Apr,Reborn,Gasoline,Manual,G,134,Mi
2023,May,Reborn,Gasoline,Manual,G,480,Mi
2023,Jun,Reborn,Gasoline,Manual,G,493,Mi
2023,Jul,Reborn,Gasoline,Manual,G,236,Mi
2023,Aug,Reborn,Gasoline,Manual,G,267,Mi
2023,Sept,Reborn,Gasoline,Manual,G,136,Mi
2023,Oct,Reborn,Gasoline,Manual,G,252,Mi
2023,Nov,Reborn,Gasoline,Manual,G,342,Mi
2023,Dec,Reborn,Gasoline,Manual,G,481,Mi
2023,Jan,Zenix,Gasoline,Automatic,G,856,N/A
2023,Feb,Zenix,Gasoline,Automatic,G,229,N/A
2023,Mar,Zenix,Gasoline,Automatic,G,432,N/A
2023,Apr,Zenix,Gasoline,Automatic,G,919,N/A
2023,May,Zenix,Gasoline,Automatic,G,967,N/A
2023,Jun,Zenix,Gasoline,Automatic,G,781,N/A
2023,Jul,Zenix,Gasoline,Automatic,G,767,N/A
2023,Aug,Zenix,Gasoline,Automatic,G,685,N/A
2023,Sept,Zenix,Gasoline,Automatic,G,1311,N/A
2023,Oct,Zenix,Gasoline,Automatic,G,748,N/A
2023,Nov,Zenix,Gasoline,Automatic,G,378,N/A
2023,Dec,Zenix,Gasoline,Automatic,G,733,N/A
2023,Jan,Zenix,Gasoline,Automatic,V,1186,N/A
2023,Feb,Zenix,Gasoline,Automatic,V,1025,N/A
2023,Mar,Zenix,Gasoline,Automatic,V,553,N/A
2023,Apr,Zenix,Gasoline,Automatic,V,34,N/A
2023,May,Zenix,Gasoline,Automatic,V,292,N/A
2023,Jun,Zenix,Gasoline,Automatic,V,764,N/A
2023,Jul,Zenix,Gasoline,Automatic,V,415,N/A
2023,Aug,Zenix,Gasoline,Automatic,V,901,N/A
2023,Sept,Zenix,Gasoline,Automatic,V,942,N/A
2023,Oct,Zenix,Gasoline,Automatic,V,417,N/A
2023,Nov,Zenix,Gasoline,Automatic,V,235,N/A
2023,Dec,Zenix,Gasoline,Automatic,V,462,N/A
2023,Jan,Zenix,Hybrid,Automatic,G,269,N/A
2023,Feb,Zenix,Hybrid,Automatic,G,212,N/A
2023,Mar,Zenix,Hybrid,Automatic,G,116,N/A
2023,Apr,Zenix,Hybrid,Automatic,G,218,N/A
2023,May,Zenix,Hybrid,Automatic,G,419,N/A
2023,Jun,Zenix,Hybrid,Automatic,G,410,N/A
2023,Jul,Zenix,Hybrid,Automatic,G,650,N/A
2023,Aug,Zenix,Hybrid,Automatic,G,904,N/A
2023,Sept,Zenix,Hybrid,Automatic,G,609,N/A
2023,Oct,Zenix,Hybrid,Automatic,G,810,N/A
2023,Nov,Zenix,Hybrid,Automatic,G,596,N/A
2023,Dec,Zenix,Hybrid,Automatic,G,812,N/A
2023,Jan,Zenix,Hybrid,Automatic,V,195,N/A
2023,Feb,Zenix,Hybrid,Automatic,V,173,N/A
2023,Mar,Zenix,Hybrid,Automatic,V,91,N/A
2023,Apr,Zenix,Hybrid,Automatic,V,217,N/A
2023,May,Zenix,Hybrid,Automatic,V,160,N/A
2023,Jun,Zenix,Hybrid,Automatic,V,207,N/A
2023,Jul,Zenix,Hybrid,Automatic,V,277,N/A
2023,Aug,Zenix,Hybrid,Automatic,V,436,N/A
2023,Sept,Zenix,Hybrid,Automatic,V,311,N/A
2023,Oct,Zenix,Hybrid,Automatic,V,377,N/A
2023,Nov,Zenix,Hybrid,Automatic,V,303,N/A
2023,Dec,Zenix,Hybrid,Automatic,V,315,N/A
2023,Jan,Zenix,Hybrid,Automatic,V,339,Modelista
2023,Feb,Zenix,Hybrid,Automatic,V,271,Modelista
2023,Mar,Zenix,Hybrid,Automatic,V,151,Modelista
2023,Apr,Zenix,Hybrid,Automatic,V,651,Modelista
2023,May,Zenix,Hybrid,Automatic,V,435,Modelista
2023,Jun,Zenix,Hybrid,Automatic,V,273,Modelista
2023,Jul,Zenix,Hybrid,Automatic,V,367,Modelista
2023,Aug,Zenix,Hybrid,Automatic,V,500,Modelista
2023,Sept,Zenix,Hybrid,Automatic,V,307,Modelista
2023,Oct,Zenix,Hybrid,Automatic,V,457,Modelista
2023,Nov,Zenix,Hybrid,Automatic,V,526,Modelista
2023,Dec,Zenix,Hybrid,Automatic,V,631,Modelista
2023,Jan,Zenix,Hybrid,Automatic,Q,0,TSS
2023,Feb,Zenix,Hybrid,Automatic,Q,0,TSS
2023,Mar,Zenix,Hybrid,Automatic,Q,0,TSS
2023,Apr,Zenix,Hybrid,Automatic,Q,1,TSS
2023,May,Zenix,Hybrid,Automatic,Q,0,TSS
2023,Jun,Zenix,Hybrid,Automatic,Q,0,TSS
2023,Jul,Zenix,Hybrid,Automatic,Q,1,TSS
2023,Aug,Zenix,Hybrid,Automatic,Q,0,TSS
2023,Sept,Zenix,Hybrid,Automatic,Q,35,TSS
2023,Oct,Zenix,Hybrid,Automatic,Q,53,TSS
2023,Nov,Zenix,Hybrid,Automatic,Q,68,TSS
2023,Dec,Zenix,Hybrid,Automatic,Q,8,TSS
2023,Jan,Zenix,Hybrid,Automatic,Q,662,TSS + Modelista
2023,Feb,Zenix,Hybrid,Automatic,Q,323,TSS + Modelista
2023,Mar,Zenix,Hybrid,Automatic,Q,720,TSS + Modelista
2023,Apr,Zenix,Hybrid,Automatic,Q,874,TSS + Modelista
2023,May,Zenix,Hybrid,Automatic,Q,722,TSS + Modelista
2023,Jun,Zenix,Hybrid,Automatic,Q,1153,TSS + Modelista
2023,Jul,Zenix,Hybrid,Automatic,Q,1385,TSS + Modelista
2023,Aug,Zenix,Hybrid,Automatic,Q,1928,TSS + Modelista
2023,Sept,Zenix,Hybrid,Automatic,Q,1233,TSS + Modelista
2023,Oct,Zenix,Hybrid,Automatic,Q,1590,TSS + Modelista
2023,Nov,Zenix,Hybrid,Automatic,Q,1265,TSS + Modelista
2023,Dec,Zenix,Hybrid,Automatic,Q,1689,TSS + Modelista
2024,Jan,Reborn,Diesel,Manual,G,298,Mi
2024,Feb,Reborn,Diesel,Manual,G,243,Mi
2024,Mar,Reborn,Diesel,Manual,G,775,Mi
2024,Apr,Reborn,Diesel,Manual,G,1,Mi
2024,May,Reborn,Diesel,Manual,G,745,Mi
2024,Jun,Reborn,Diesel,Manual,G,590,Mi
2024,Jul,Reborn,Diesel,Manual,G,659,Mi
2024,Aug,Reborn,Diesel,Manual,G,812,Mi
2024,Sept,Reborn,Diesel,Manual,G,328,Mi
2024,Oct,Reborn,Diesel,Manual,G,414,Mi
2024,Nov,Reborn,Diesel,Manual,G,722,Mi
2024,Dec,Reborn,Diesel,Manual,G,673,Mi
2024,Jan,Reborn,Diesel,Automatic,G,942,Mi
2024,Feb,Reborn,Diesel,Automatic,G,883,Mi
2024,Mar,Reborn,Diesel,Automatic,G,506,Mi
2024,Apr,Reborn,Diesel,Automatic,G,589,Mi
2024,May,Reborn,Diesel,Automatic,G,2074,Mi
2024,Jun,Reborn,Diesel,Automatic,G,1647,Mi
2024,Jul,Reborn,Diesel,Automatic,G,1795,Mi
2024,Aug,Reborn,Diesel,Automatic,G,1791,Mi
2024,Sept,Reborn,Diesel,Automatic,G,1466,Mi
2024,Oct,Reborn,Diesel,Automatic,G,1759,Mi
2024,Nov,Reborn,Diesel,Automatic,G,1634,Mi
2024,Dec,Reborn,Diesel,Automatic,G,1665,Mi
2024,Jan,Reborn,Gasoline,Manual,G,228,Mi
2024,Feb,Reborn,Gasoline,Manual,G,213,Mi
2024,Mar,Reborn,Gasoline,Manual,G,522,Mi
2024,Apr,Reborn,Gasoline,Manual,G,451,Mi
2024,May,Reborn,Gasoline,Manual,G,205,Mi
2024,Jun,Reborn,Gasoline,Manual,G,252,Mi
2024,Jul,Reborn,Gasoline,Manual,G,383,Mi
2024,Aug,Reborn,Gasoline,Manual,G,175,Mi
2024,Sept,Reborn,Gasoline,Manual,G,269,Mi
2024,Oct,Reborn,Gasoline,Manual,G,272,Mi
2024,Nov,Reborn,Gasoline,Manual,G,225,Mi
2024,Dec,Reborn,Gasoline,Manual,G,176,Mi
2024,Jan,Zenix,Gasoline,Automatic,G,768,N/A
2024,Feb,Zenix,Gasoline,Automatic,G,994,N/A
2024,Mar,Zenix,Gasoline,Automatic,G,609,N/A
2024,Apr,Zenix,Gasoline,Automatic,G,343,N/A
2024,May,Zenix,Gasoline,Automatic,G,802,N/A
2024,Jun,Zenix,Gasoline,Automatic,G,678,N/A
2024,Jul,Zenix,Gasoline,Automatic,G,654,N/A
2024,Aug,Zenix,Gasoline,Automatic,G,326,N/A
2024,Sept,Zenix,Gasoline,Automatic,G,497,N/A
2024,Oct,Zenix,Gasoline,Automatic,G,549,N/A
2024,Nov,Zenix,Gasoline,Automatic,G,492,N/A
2024,Dec,Zenix,Gasoline,Automatic,G,631,N/A
2024,Jan,Zenix,Gasoline,Automatic,V,448,N/A
2024,Feb,Zenix,Gasoline,Automatic,V,246,N/A
2024,Mar,Zenix,Gasoline,Automatic,V,354,N/A
2024,Apr,Zenix,Gasoline,Automatic,V,282,N/A
2024,May,Zenix,Gasoline,Automatic,V,299,N/A
2024,Jun,Zenix,Gasoline,Automatic,V,182,N/A
2024,Jul,Zenix,Gasoline,Automatic,V,489,N/A
2024,Aug,Zenix,Gasoline,Automatic,V,282,N/A
2024,Sept,Zenix,Gasoline,Automatic,V,370,N/A
2024,Oct,Zenix,Gasoline,Automatic,V,183,N/A
2024,Nov,Zenix,Gasoline,Automatic,V,228,N/A
2024,Dec,Zenix,Gasoline,Automatic,V,120,N/A
2024,Jan,Zenix,Hybrid,Automatic,G,550,N/A
2024,Feb,Zenix,Hybrid,Automatic,G,586,N/A
2024,Mar,Zenix,Hybrid,Automatic,G,933,N/A
2024,Apr,Zenix,Hybrid,Automatic,G,131,N/A
2024,May,Zenix,Hybrid,Automatic,G,102,N/A
2024,Jun,Zenix,Hybrid,Automatic,G,610,N/A
2024,Jul,Zenix,Hybrid,Automatic,G,825,N/A
2024,Aug,Zenix,Hybrid,Automatic,G,948,N/A
2024,Sept,Zenix,Hybrid,Automatic,G,1006,N/A
2024,Oct,Zenix,Hybrid,Automatic,G,749,N/A
2024,Nov,Zenix,Hybrid,Automatic,G,851,N/A
2024,Dec,Zenix,Hybrid,Automatic,G,869,N/A
2024,Jan,Zenix,Hybrid,Automatic,G,1149,N/A
2024,Feb,Zenix,Hybrid,Automatic,V,250,N/A
2024,Mar,Zenix,Hybrid,Automatic,V,483,N/A
2024,Apr,Zenix,Hybrid,Automatic,V,551,N/A
2024,May,Zenix,Hybrid,Automatic,V,442,N/A
2024,Jun,Zenix,Hybrid,Automatic,V,614,N/A
2024,Jul,Zenix,Hybrid,Automatic,V,809,N/A
2024,Aug,Zenix,Hybrid,Automatic,V,909,N/A
2024,Sept,Zenix,Hybrid,Automatic,V,968,N/A
2024,Oct,Zenix,Hybrid,Automatic,V,674,N/A
2024,Nov,Zenix,Hybrid,Automatic,V,696,N/A
2024,Dec,Zenix,Hybrid,Automatic,V,575,N/A
2024,Jan,Zenix,Hybrid,Automatic,Q,896,TSS + Modelista
2024,Feb,Zenix,Hybrid,Automatic,Q,333,TSS + Modelista
2024,Mar,Zenix,Hybrid,Automatic,Q,456,TSS + Modelista
2024,Apr,Zenix,Hybrid,Automatic,Q,457,TSS + Modelista
2024,May,Zenix,Hybrid,Automatic,Q,712,TSS + Modelista
2024,Jun,Zenix,Hybrid,Automatic,Q,819,TSS + Modelista
2024,Jul,Zenix,Hybrid,Automatic,Q,1272,TSS + Modelista
2024,Aug,Zenix,Hybrid,Automatic,Q,1294,TSS + Modelista
2024,Sept,Zenix,Hybrid,Automatic,Q,1125,TSS + Modelista
2024,Oct,Zenix,Hybrid,Automatic,Q,1093,TSS + Modelista
2024,Nov,Zenix,Hybrid,Automatic,Q,1060,TSS + Modelista
2024,Dec,Zenix,Hybrid,Automatic,Q,673,TSS + Modelista
2025,Jan,Reborn,Diesel,Manual,G,706,Mi
2025,Feb,Reborn,Diesel,Manual,G,806,Mi
2025,Mar,Reborn,Diesel,Manual,G,576,Mi
2025,Apr,Reborn,Diesel,Manual,G,812,Mi
2025,May,Reborn,Diesel,Manual,G,604,Mi
2025,Jun,Reborn,Diesel,Manual,G,645,Mi
2025,Jul,Reborn,Diesel,Manual,G,585,Mi
2025,Aug,Reborn,Diesel,Manual,G,803,Mi
2025,Sept,Reborn,Diesel,Manual,G,1170,Mi
2025,Oct,Reborn,Diesel,Manual,G,629,Mi
2025,Nov,Reborn,Diesel,Manual,G,535,Mi
2025,Dec,Reborn,Diesel,Manual,G,1357,Mi
2025,Jan,Reborn,Diesel,Automatic,G,1786,Mi
2025,Feb,Reborn,Diesel,Automatic,G,2123,Mi
2025,Mar,Reborn,Diesel,Automatic,G,1715,Mi
2025,Apr,Reborn,Diesel,Automatic,G,930,Mi
2025,May,Reborn,Diesel,Automatic,G,1619,Mi
2025,Jun,Reborn,Diesel,Automatic,G,1651,Mi
2025,Jul,Reborn,Diesel,Automatic,G,1866,Mi
2025,Aug,Reborn,Diesel,Automatic,G,1286,Mi
2025,Sept,Reborn,Diesel,Automatic,G,2237,Mi
2025,Oct,Reborn,Diesel,Automatic,G,1536,Mi
2025,Nov,Reborn,Diesel,Automatic,G,1432,Mi
2025,Dec,Reborn,Diesel,Automatic,G,3105,Mi
2025,Jan,Zenix,Gasoline,Automatic,G,587,N/A
2025,Feb,Zenix,Gasoline,Automatic,G,803,N/A
2025,Mar,Zenix,Gasoline,Automatic,G,550,N/A
2025,Apr,Zenix,Gasoline,Automatic,G,292,N/A
2025,May,Zenix,Gasoline,Automatic,G,231,N/A
2025,Jun,Zenix,Gasoline,Automatic,G,330,N/A
2025,Jul,Zenix,Gasoline,Automatic,G,325,N/A
2025,Aug,Zenix,Gasoline,Automatic,G,298,N/A
2025,Sept,Zenix,Gasoline,Automatic,G,448,N/A
2025,Oct,Zenix,Gasoline,Automatic,G,418,N/A
2025,Nov,Zenix,Gasoline,Automatic,G,312,N/A
2025,Dec,Zenix,Gasoline,Automatic,G,192,N/A
2025,Jan,Zenix,Gasoline,Automatic,V,198,N/A
2025,Feb,Zenix,Gasoline,Automatic,V,294,N/A
2025,Mar,Zenix,Gasoline,Automatic,V,306,N/A
2025,Apr,Zenix,Gasoline,Automatic,V,133,N/A
2025,May,Zenix,Gasoline,Automatic,V,180,N/A
2025,Jun,Zenix,Gasoline,Automatic,V,240,N/A
2025,Jul,Zenix,Gasoline,Automatic,V,137,N/A
2025,Aug,Zenix,Gasoline,Automatic,V,62,N/A
2025,Sept,Zenix,Gasoline,Automatic,V,116,N/A
2025,Oct,Zenix,Gasoline,Automatic,V,121,N/A
2025,Nov,Zenix,Gasoline,Automatic,V,61,N/A
2025,Dec,Zenix,Gasoline,Automatic,V,87,N/A
2025,Jan,Zenix,Hybrid,Automatic,G,474,N/A
2025,Feb,Zenix,Hybrid,Automatic,G,639,N/A
2025,Mar,Zenix,Hybrid,Automatic,G,316,N/A
2025,Apr,Zenix,Hybrid,Automatic,G,635,N/A
2025,May,Zenix,Hybrid,Automatic,G,525,N/A
2025,Jun,Zenix,Hybrid,Automatic,G,495,N/A
2025,Jul,Zenix,Hybrid,Automatic,G,201,N/A
2025,Aug,Zenix,Hybrid,Automatic,G,382,N/A
2025,Sept,Zenix,Hybrid,Automatic,G,751,N/A
2025,Oct,Zenix,Hybrid,Automatic,G,517,N/A
2025,Nov,Zenix,Hybrid,Automatic,G,586,N/A
2025,Dec,Zenix,Hybrid,Automatic,G,494,N/A
2025,Jan,Zenix,Hybrid,Automatic,V,577,N/A
2025,Feb,Zenix,Hybrid,Automatic,V,536,N/A
2025,Mar,Zenix,Hybrid,Automatic,V,760,N/A
2025,Apr,Zenix,Hybrid,Automatic,V,956,N/A
2025,May,Zenix,Hybrid,Automatic,V,926,N/A
2025,Jun,Zenix,Hybrid,Automatic,V,699,N/A
2025,Jul,Zenix,Hybrid,Automatic,V,467,N/A
2025,Aug,Zenix,Hybrid,Automatic,V,343,N/A
2025,Sept,Zenix,Hybrid,Automatic,V,540,N/A
2025,Oct,Zenix,Hybrid,Automatic,V,744,N/A
2025,Nov,Zenix,Hybrid,Automatic,V,740,N/A
2025,Dec,Zenix,Hybrid,Automatic,V,443,N/A
2025,Jan,Zenix,Hybrid,Automatic,Q,843,TSS + Modelista
2025,Feb,Zenix,Hybrid,Automatic,Q,807,TSS + Modelista
2025,Mar,Zenix,Hybrid,Automatic,Q,1130,TSS + Modelista
2025,Apr,Zenix,Hybrid,Automatic,Q,830,TSS + Modelista
2025,May,Zenix,Hybrid,Automatic,Q,1088,TSS + Modelista
2025,Jun,Zenix,Hybrid,Automatic,Q,754,TSS + Modelista
2025,Jul,Zenix,Hybrid,Automatic,Q,730,TSS + Modelista
2025,Aug,Zenix,Hybrid,Automatic,Q,567,TSS + Modelista
2025,Sept,Zenix,Hybrid,Automatic,Q,881,TSS + Modelista
2025,Oct,Zenix,Hybrid,Automatic,Q,948,TSS + Modelista
2025,Nov,Zenix,Hybrid,Automatic,Q,808,TSS + Modelista
2025,Dec,Zenix,Hybrid,Automatic,Q,802,TSS + Modelista
2026,Jan,Reborn,Diesel,Manual,G,819,N/A
2026,Feb,Reborn,Diesel,Manual,G,1285,N/A
2026,Mar,Reborn,Diesel,Manual,G,961,N/A
2026,Jan,Reborn,Diesel,Automatic,G,1909,N/A
2026,Feb,Reborn,Diesel,Automatic,G,2189,N/A
2026,Mar,Reborn,Diesel,Automatic,G,511,N/A
2026,Jan,Zenix,Gasoline,Automatic,G,441,N/A
2026,Feb,Zenix,Gasoline,Automatic,G,319,N/A
2026,Mar,Zenix,Gasoline,Automatic,G,239,N/A
2026,Jan,Zenix,Gasoline,Automatic,V,89,N/A
2026,Feb,Zenix,Gasoline,Automatic,V,75,N/A
2026,Mar,Zenix,Gasoline,Automatic,V,103,N/A
2026,Jan,Zenix,Hybrid,Automatic,G,565,N/A
2026,Feb,Zenix,Hybrid,Automatic,G,543,N/A
2026,Mar,Zenix,Hybrid,Automatic,G,565,N/A
2026,Jan,Zenix,Hybrid,Automatic,V,687,N/A
2026,Feb,Zenix,Hybrid,Automatic,V,766,N/A
2026,Mar,Zenix,Hybrid,Automatic,V,470,N/A
2026,Jan,Zenix,Hybrid,Automatic,Q,891,N/A
2026,Feb,Zenix,Hybrid,Automatic,Q,821,N/A
2026,Mar,Zenix,Hybrid,Automatic,Q,807,N/A
